BackendTime,ch0sens,ch1sens,ch2sens,ch3sens,ch4sens,ch5sens,ch6sens,ch7sens,ch8sens,ch9sens,ch10sens,ch11sens,temp0,temp1,temp2,temp3,system_status,system_time
1748545550385.8176,1.0282983779907227,-0.0862058624625206,0.07934722304344177,-41193.0,-5178.0,-7286.0,-44369.0,-0.037571705877780914,-12.942574501037598,-13.277445793151855,-13.995803833007812,-6406.0,nan,0.0,0.0,0.0,525313,363622
1748545550389.175,1.0297644138336182,-0.08620493859052658,0.08778177201747894,-41175.0,-5216.0,-7261.0,-44407.0,-0.04001539573073387,-12.942155838012695,-13.277585983276367,-13.996501922607422,-6366.0,nan,0.0,0.0,0.0,525313,363634
1748545550390.9546,1.0282407999038696,-0.08620592951774597,0.08372069150209427,-41166.0,-5289.0,-7244.0,-44382.0,-0.040626317262649536,-12.942452430725098,-13.27791690826416,-13.996310234069824,-6335.0,nan,0.0,0.0,0.0,525313,363643
1748545550393.174,1.0282407999038696,-0.08620592951774597,0.08372069150209427,-41166.0,-5289.0,-7244.0,-44382.0,-0.040626317262649536,-12.942452430725098,-13.27791690826416,-13.996310234069824,-6335.0,nan,0.0,0.0,0.0,525313,363645
1748545550416.41,1.0298848152160645,-0.08620104193687439,0.08903133869171143,-41168.0,-5236.0,-7222.0,-44345.0,-0.031157026067376137,-12.9425048828125,-13.277167320251465,-13.99644947052002,-6348.0,nan,0.0,0.0,0.0,525313,363647
1748545550421.3997,1.0298848152160645,-0.08620104193687439,0.08903133869171143,-41168.0,-5236.0,-7222.0,-44345.0,-0.031157026067376137,-12.9425048828125,-13.277167320251465,-13.99644947052002,-6348.0,nan,0.0,0.0,0.0,525313,363649
1748545550423.2485,1.0299162864685059,-0.08620444685220718,0.08372069150209427,-41162.0,-5236.0,-7247.0,-44383.0,-0.03390617296099663,-12.941596984863281,-13.27751636505127,-13.996118545532227,-6356.0,nan,0.0,0.0,0.0,525313,363651
1748545550498.7725,1.031057596206665,-0.08620259165763855,0.085595041513443,-41166.0,-5185.0,-7311.0,-44399.0,-0.03848809003829956,-12.9425048828125,-13.277812957763672,-13.997200012207031,-6312.0,nan,0.0,0.0,0.0,525313,363755
1748545550599.2205,1.0312565565109253,-0.08620413392782211,0.07903483510017395,-41158.0,-5213.0,-7255.0,-44416.0,-0.03940447419881821,-12.942435264587402,-13.277899742126465,-13.996537208557129,-6240.0,nan,0.0,0.0,0.0,525313,363855
1748545550700.0247,1.0306020975112915,-0.0862027108669281,0.07184985280036926,-41202.0,-5213.0,-7239.0,-44427.0,-0.03940447419881821,-12.942696571350098,-13.277620315551758,-13.996188163757324,-6344.0,nan,0.0,0.0,0.0,525313,363956
1748545550801.2236,1.0302932262420654,-0.08620407432317734,0.08465787023305893,-41163.0,-5211.0,-7228.0,-44366.0,-0.0360444001853466,-12.942120552062988,-13.277777671813965,-13.99728775024414,-6402.0,nan,0.0,0.0,0.0,525313,364057
1748545550901.7383,1.0309842824935913,-0.08620432019233704,0.08372069150209427,-41199.0,-5270.0,-7236.0,-44382.0,-0.03146248683333397,-12.941789627075195,-13.27779483795166,-13.996520042419434,-6230.0,nan,0.0,0.0,0.0,525313,364158
1748545551004.2695,1.0303717851638794,-0.0862061157822609,0.08465787023305893,-41149.0,-5251.0,-7253.0,-44399.0,-0.04307000711560249,-12.942155838012695,-13.278265953063965,-13.995908737182617,-6352.0,nan,0.0,0.0,0.0,525313,364259
1748545551104.2112,1.0269581079483032,-0.08620481193065643,0.08778177201747894,-41169.0,-5263.0,-7305.0,-44384.0,-0.037877168506383896,-12.942435264587402,-13.27824878692627,-13.996711730957031,-6306.0,nan,0.0,0.0,0.0,525313,364360
1748545551203.8765,1.0288429260253906,-0.08620568364858627,0.09246763586997986,-41153.0,-5265.0,-7233.0,-44383.0,-0.03940447419881821,-12.942155838012695,-13.277987480163574,-13.996606826782227,-6237.0,nan,0.0,0.0,0.0,525313,364460
1748545551303.8625,1.0295287370681763,-0.08620401471853256,0.09121806919574738,-41176.0,-5303.0,-7240.0,-44383.0,-0.040626317262649536,-12.942452430725098,-13.277132034301758,-13.996432304382324,-6219.0,nan,0.0,0.0,0.0,525313,364560
1748545551407.177,1.0279790163040161,-0.08620426058769226,0.08028439432382584,-41147.0,-5311.0,-7222.0,-44356.0,-0.032378870993852615,-12.942208290100098,-13.277620315551758,-13.997218132019043,-6237.0,nan,0.0,0.0,0.0,525313,364661
1748545551507.1328,1.0307120084762573,-0.08620382845401764,0.07216224074363708,-41157.0,-5328.0,-7209.0,-44410.0,-0.04215362295508385,-12.942418098449707,-13.277655601501465,-13.996397972106934,-6215.0,nan,0.0,0.0,0.0,525313,364762
1748545551608.0088,1.0298324823379517,-0.08620370179414749,0.08309591561555862,-41188.0,-5161.0,-7335.0,-44366.0,-0.036655325442552567,-12.942103385925293,-13.277620315551758,-13.996484756469727,-6226.0,nan,0.0,0.0,0.0,525313,364863
1748545551707.018,1.0322461128234863,-0.08620332926511765,0.0768480971455574,-41162.0,-5169.0,-7296.0,-44378.0,-0.033600714057683945,-12.9427490234375,-13.27751636505127,-13.995978355407715,-6161.0,nan,0.0,0.0,0.0,525313,364963
1748545551807.029,1.028272271156311,-0.0862046331167221,0.07872244715690613,-41167.0,-5265.0,-7256.0,-44406.0,-0.04154270142316818,-12.942365646362305,-13.27742862701416,-13.995664596557617,-6202.0,nan,0.0,0.0,0.0,525313,365063
1748545551907.3232,1.0281308889389038,-0.0862056165933609,0.08778177201747894,-41181.0,-5185.0,-7245.0,-44389.0,-0.0412372387945652,-12.941911697387695,-13.277289390563965,-13.996310234069824,-6183.0,nan,0.0,0.0,0.0,525313,365163
1748545552008.3657,1.0283455848693848,-0.08620382845401764,0.08778177201747894,-41173.0,-5201.0,-7299.0,-44380.0,-0.039099011570215225,-12.942487716674805,-13.277027130126953,-13.99632740020752,-6221.0,nan,0.0,0.0,0.0,525313,365264
1748545552110.3606,1.0266387462615967,-0.0862056165933609,0.08465787023305893,-41171.0,-5186.0,-7198.0,-44384.0,-0.04001539573073387,-12.94287109375,-13.277445793151855,-13.996379852294922,-6218.0,nan,0.0,0.0,0.0,525313,365364
1748545552210.1418,1.029465913772583,-0.08620413392782211,0.07747288048267365,-41156.0,-5214.0,-7183.0,-44407.0,-0.033600714057683945,-12.942522048950195,-13.277585983276367,-13.996659278869629,-6179.0,nan,0.0,0.0,0.0,525313,365465
1748545552309.9565,1.0268795490264893,-0.0862046331167221,0.09028089791536331,-41168.0,-5258.0,-7250.0,-44359.0,-0.030851563438773155,-12.9422607421875,-13.277585983276367,-13.996415138244629,-6259.0,nan,0.0,0.0,0.0,525313,365566
1748545552410.9375,1.0285654067993164,-0.08620413392782211,0.08059678971767426,-41150.0,-5183.0,-7214.0,-44380.0,-0.04826284199953079,-12.942435264587402,-13.277708053588867,-13.996501922607422,-6267.0,nan,0.0,0.0,0.0,525313,365666
1748545552511.4922,1.027382254600525,-0.08620481193065643,0.08653221279382706,-41157.0,-5227.0,-7228.0,-44383.0,-0.04093177989125252,-12.94180679321289,-13.277376174926758,-13.997025489807129,-6205.0,nan,0.0,0.0,0.0,525313,365767
1748545552612.468,1.0283979177474976,-0.0862051248550415,0.08996850997209549,-41174.0,-5228.0,-7207.0,-44391.0,-0.03970993310213089,-12.942243576049805,-13.27697467803955,-13.99632740020752,-6293.0,nan,0.0,0.0,0.0,525313,365868
1748545552712.6482,1.029623031616211,-0.08620067685842514,0.08059678971767426,-41220.0,-5289.0,-7312.0,-44380.0,-0.03573894128203392,-12.942522048950195,-13.27721881866455,-13.99716567993164,-6274.0,nan,0.0,0.0,0.0,525313,365968
1748545552813.1152,1.0291780233383179,-0.08620493859052658,0.08746938407421112,-41171.0,-5258.0,-7309.0,-44410.0,-0.03543347865343094,-12.9422607421875,-13.277393341064453,-13.99620532989502,-6214.0,nan,0.0,0.0,0.0,525313,366068
1748545552914.3472,1.0291465520858765,-0.08620364218950272,0.08090917766094208,-41158.0,-5238.0,-7297.0,-44387.0,-0.04307000711560249,-12.9423828125,-13.276869773864746,-13.996048927307129,-6185.0,nan,0.0,0.0,0.0,525313,366169
1748545553014.745,1.028157114982605,-0.08620555698871613,0.07903483510017395,-41160.0,-5196.0,-7190.0,-44407.0,-0.040320854634046555,-12.942540168762207,-13.277742385864258,-13.996589660644531,-6134.0,nan,0.0,0.0,0.0,525313,366270
1748545553115.7168,1.0325654745101929,-0.08620382845401764,0.0812215730547905,-41133.0,-5244.0,-7208.0,-44406.0,-0.03543347865343094,-12.94192886352539,-13.277585983276367,-13.995664596557617,-6223.0,nan,0.0,0.0,0.0,525313,366371
1748545553216.9097,1.0313612222671509,-0.08620444685220718,0.08621981739997864,-41136.0,-5210.0,-7208.0,-44380.0,-0.034822557121515274,-12.941911697387695,-13.277393341064453,-13.996432304382324,-6239.0,nan,0.0,0.0,0.0,525313,366471
1748545553317.1294,1.0305655002593994,-0.08620617538690567,0.07747288048267365,-41153.0,-5213.0,-7325.0,-44417.0,-0.03970993310213089,-12.9423828125,-13.277865409851074,-13.996781349182129,-6239.0,nan,0.0,0.0,0.0,525313,366573
1748545553513.5107,1.027785301208496,-0.08620364218950272,0.08372069150209427,-41182.0,-5194.0,-7300.0,-44375.0,-0.03970993310213089,-12.94259262084961,-13.277899742126465,-13.996362686157227,-6171.0,nan,0.0,0.0,0.0,525313,366673
1748545553518.0144,1.0273873805999756,-0.08620598912239075,0.07716049253940582,-41178.0,-5270.0,-7299.0,-44372.0,-0.03329525142908096,-12.942155838012695,-13.277690887451172,-13.99596118927002,-6346.0,nan,0.0,0.0,0.0,525313,366773
1748545553720.1628,1.029125690460205,-0.0862051248550415,0.08340830355882645,-41179.0,-5179.0,-7307.0,-44345.0,-0.029324259608983994,-12.942365646362305,-13.27755069732666,-13.996781349182129,-6258.0,nan,0.0,0.0,0.0,525313,366975
1748545553819.6494,1.0329214334487915,-0.08620703965425491,0.08528264611959457,-41166.0,-5261.0,-7319.0,-44391.0,-0.037571705877780914,-12.942225456237793,-13.278214454650879,-13.996152877807617,-6245.0,nan,0.0,0.0,0.0,525313,367074
1748545553920.3826,1.029099464416504,-0.08620283752679825,0.0827835202217102,-41196.0,-5216.0,-7322.0,-44351.0,-0.036349862813949585,-12.942452430725098,-13.277567863464355,-13.996554374694824,-6225.0,nan,0.0,0.0,0.0,525313,367175
1748545554020.6826,1.0272198915481567,-0.08620444685220718,0.08215874433517456,-41150.0,-5155.0,-7295.0,-44365.0,-0.04490277171134949,-12.942138671875,-13.278196334838867,-13.995944023132324,-6256.0,nan,0.0,0.0,0.0,525313,367275
1748545554120.3777,1.0277119874954224,-0.08620444685220718,0.08497025817632675,-41205.0,-5308.0,-7324.0,-44381.0,-0.03024064190685749,-12.942609786987305,-13.276957511901855,-13.995996475219727,-6250.0,nan,0.0,0.0,0.0,525313,367375
1748545554221.2654,1.02805757522583,-0.08620592951774597,0.07965961843729019,-41152.0,-5231.0,-7208.0,-44403.0,-0.03390617296099663,-12.942225456237793,-13.277777671813965,-13.996013641357422,-6286.0,nan,0.0,0.0,0.0,525313,367475
1748545554321.4607,1.0261622667312622,-0.0862048789858818,0.08528264611959457,-41166.0,-5230.0,-7187.0,-44376.0,-0.03940447419881821,-12.942679405212402,-13.278039932250977,-13.996397972106934,-6170.0,nan,0.0,0.0,0.0,525313,367575
1748545554422.9521,1.0280157327651978,-0.08620326966047287,0.08684460073709488,-41151.0,-5241.0,-7184.0,-44345.0,-0.04398638755083084,-12.942120552062988,-13.277254104614258,-13.996747016906738,-6186.0,nan,0.0,0.0,0.0,525313,367677
1748545554522.7566,1.027591586112976,-0.08620506525039673,0.08340830355882645,-41190.0,-5281.0,-7290.0,-44371.0,-0.04368092864751816,-12.942696571350098,-13.27751636505127,-13.997218132019043,-6184.0,nan,0.0,0.0,0.0,525313,367777
1748545554623.3765,1.0261884927749634,-0.08620209246873856,0.07965961843729019,-41160.0,-5287.0,-7262.0,-44408.0,-0.03543347865343094,-12.942330360412598,-13.277393341064453,-13.995908737182617,-6172.0,nan,0.0,0.0,0.0,525313,367878
1748545554723.2708,1.0280890464782715,-0.08620481193065643,0.0768480971455574,-41132.0,-5220.0,-7244.0,-44393.0,-0.03848809003829956,-12.942679405212402,-13.277132034301758,-13.996415138244629,-6190.0,nan,0.0,0.0,0.0,525313,367978
1748545554824.4392,1.0275863409042358,-0.08620437979698181,0.07965961843729019,-41126.0,-5221.0,-7214.0,-44377.0,-0.040320854634046555,-12.942313194274902,-13.278318405151367,-13.99562931060791,-6141.0,nan,0.0,0.0,0.0,525313,368079
1748545554925.849,1.026544451713562,-0.08620604872703552,0.07903483510017395,-41169.0,-5201.0,-7232.0,-44374.0,-0.03451709821820259,-12.942626953125,-13.277655601501465,-13.996554374694824,-6054.0,nan,0.0,0.0,0.0,525313,368180
1748545555027.4717,1.0275392532348633,-0.08620493859052658,0.08153396099805832,-41169.0,-5202.0,-7228.0,-44361.0,-0.03146248683333397,-12.9427490234375,-13.277655601501465,-13.996537208557129,-6164.0,nan,0.0,0.0,0.0,525313,368281
1748545555127.3223,1.0269423723220825,-0.08620506525039673,0.08434547483921051,-41171.0,-5226.0,-7194.0,-44416.0,-0.039099011570215225,-12.942801475524902,-13.27709674835205,-13.996554374694824,-6118.0,nan,0.0,0.0,0.0,525313,368381
1748545555228.2014,1.0251256227493286,-0.0862046331167221,0.08621981739997864,-41136.0,-5137.0,-7228.0,-44400.0,-0.03451709821820259,-12.941946029663086,-13.277463912963867,-13.99632740020752,-6206.0,nan,0.0,0.0,0.0,525313,368482
1748545555328.1987,1.0237696170806885,-0.08620432019233704,0.07622332125902176,-41171.0,-5186.0,-7239.0,-44398.0,-0.02871333621442318,-12.943028450012207,-13.27755069732666,-13.996781349182129,-6118.0,nan,0.0,0.0,0.0,525313,368582
1748545555427.5945,1.0269685983657837,-0.08620376139879227,0.09059328585863113,-41165.0,-5154.0,-7165.0,-44407.0,-0.034822557121515274,-12.942487716674805,-13.27788257598877,-13.996170997619629,-6116.0,nan,0.0,0.0,0.0,525313,368682
1748545555528.6975,1.0269843339920044,-0.08620444685220718,0.08497025817632675,-41170.0,-5216.0,-7197.0,-44365.0,-0.0360444001853466,-12.9423828125,-13.277027130126953,-13.996310234069824,-6188.0,nan,0.0,0.0,0.0,525313,368783
1748545555629.2336,1.0267120599746704,-0.08620407432317734,0.0768480971455574,-41143.0,-5206.0,-7233.0,-44402.0,-0.03940447419881821,-12.942418098449707,-13.277445793151855,-13.995944023132324,-6171.0,nan,0.0,0.0,0.0,525313,368883
1748545555730.5393,1.0290576219558716,-0.08620413392782211,0.0812215730547905,-41180.0,-5177.0,-7248.0,-44360.0,-0.033600714057683945,-12.94131851196289,-13.277254104614258,-13.996066093444824,-6170.0,nan,0.0,0.0,0.0,525313,368984
1748545555829.6978,1.0264345407485962,-0.08620574325323105,0.07809766381978989,-41194.0,-5271.0,-7262.0,-44408.0,-0.03543347865343094,-12.942522048950195,-13.277655601501465,-13.996659278869629,-6244.0,nan,0.0,0.0,0.0,525313,369084
1748545555930.4434,1.0271570682525635,-0.08620332926511765,0.08059678971767426,-41162.0,-5244.0,-7338.0,-44355.0,-0.04307000711560249,-12.94287109375,-13.277987480163574,-13.996991157531738,-6209.0,nan,0.0,0.0,0.0,525313,369185
1748545556032.1213,1.0271989107131958,-0.08620450645685196,0.08996850997209549,-41156.0,-5283.0,-7227.0,-44377.0,-0.04245908185839653,-12.942277908325195,-13.277236938476562,-13.996170997619629,-6125.0,nan,0.0,0.0,0.0,525313,369286
1748545556131.6895,1.0271885395050049,-0.08620382845401764,0.08497025817632675,-41164.0,-5333.0,-7183.0,-44400.0,-0.04307000711560249,-12.941754341125488,-13.27709674835205,-13.996152877807617,-6131.0,nan,0.0,0.0,0.0,525313,369386
1748545556232.1348,1.0255392789840698,-0.08620314300060272,0.07872244715690613,-41149.0,-5263.0,-7232.0,-44385.0,-0.04368092864751816,-12.941946029663086,-13.277236938476562,-13.996886253356934,-6126.0,nan,0.0,0.0,0.0,525313,369486
1748545556332.7231,1.0282355546951294,-0.08620141446590424,0.09028089791536331,-41176.0,-5281.0,-7249.0,-44383.0,-0.03818262740969658,-12.942679405212402,-13.277952194213867,-13.99644947052002,-6150.0,nan,0.0,0.0,0.0,525313,369587
1748545556433.4453,1.025905728340149,-0.08620456606149673,0.08434547483921051,-41133.0,-5219.0,-7191.0,-44375.0,-0.03970993310213089,-12.942906379699707,-13.277603149414062,-13.996415138244629,-6177.0,nan,0.0,0.0,0.0,525313,369687
1748545556533.859,1.0279842615127563,-0.0862029641866684,0.07716049253940582,-41183.0,-5267.0,-7271.0,-44374.0,-0.03298979252576828,-12.94192886352539,-13.277952194213867,-13.995925903320312,-6136.0,nan,0.0,0.0,0.0,525313,369788
1748545556635.4475,1.0285340547561646,-0.08620357513427734,0.08465787023305893,-41174.0,-5233.0,-7331.0,-44375.0,-0.039099011570215225,-12.941911697387695,-13.277393341064453,-13.996135711669922,-6148.0,nan,0.0,0.0,0.0,525313,369889
1748545556735.9902,1.0260941982269287,-0.08620574325323105,0.09059328585863113,-41144.0,-5157.0,-7302.0,-44375.0,-0.03024064190685749,-12.94295883178711,-13.277445793151855,-13.99571704864502,-6145.0,nan,0.0,0.0,0.0,525313,369990
1748545556836.9336,1.0253926515579224,-0.08620401471853256,0.08434547483921051,-41179.0,-5180.0,-7218.0,-44395.0,-0.03696078434586525,-12.942399978637695,-13.278039932250977,-13.996606826782227,-6183.0,nan,0.0,0.0,0.0,525313,370091
1748545556937.4329,1.0260366201400757,-0.08620555698871613,0.0812215730547905,-41140.0,-5180.0,-7248.0,-44413.0,-0.04551369324326515,-12.941842079162598,-13.278021812438965,-13.996833801269531,-6212.0,nan,0.0,0.0,0.0,525313,370191
1748545557038.0317,1.0247173309326172,-0.08620259165763855,0.08309591561555862,-41157.0,-5115.0,-7216.0,-44384.0,-0.035128019750118256,-12.942487716674805,-13.27718448638916,-13.996938705444336,-6137.0,nan,0.0,0.0,0.0,525313,370291
1748545557137.96,1.025429368019104,-0.08620456606149673,0.08215874433517456,-41139.0,-5198.0,-7194.0,-44374.0,-0.03298979252576828,-12.942435264587402,-13.277445793151855,-13.99692153930664,-6083.0,nan,0.0,0.0,0.0,525313,370392
1748545557239.433,1.02476966381073,-0.08620426058769226,0.08247113227844238,-41162.0,-5225.0,-7295.0,-44393.0,-0.036655325442552567,-12.942540168762207,-13.27721881866455,-13.996257781982422,-6096.0,nan,0.0,0.0,0.0,525313,370493
1748545557339.7021,1.026293158531189,-0.08620580285787582,0.07997200638055801,-41162.0,-5189.0,-7247.0,-44360.0,-0.07789256423711777,-12.94217300415039,-13.277533531188965,-13.996467590332031,-6188.0,nan,0.0,0.0,0.0,525313,370593
1748545557439.8503,1.0300052165985107,-0.08620413392782211,0.07747288048267365,-41158.0,-5208.0,-7237.0,-44391.0,-0.13012640178203583,-12.9422607421875,-13.27788257598877,-13.996642112731934,-6140.0,nan,0.0,0.0,0.0,525313,370693
1748545557541.2039,1.0280418395996094,-0.08620227873325348,0.07591092586517334,-41120.0,-5218.0,-7222.0,-44354.0,-0.17777831852436066,-12.941266059875488,-13.277620315551758,-13.996345520019531,-6085.0,nan,0.0,0.0,0.0,525313,370794
1748545557639.9985,1.0273873805999756,-0.08620437979698181,0.07747288048267365,-41178.0,-5279.0,-7344.0,-44388.0,-0.16250526905059814,-12.942469596862793,-13.277865409851074,-13.996415138244629,-6186.0,nan,0.0,0.0,0.0,525313,370894
1748545557741.2087,1.0277224779129028,-0.08620604872703552,0.07278702408075333,-41186.0,-5170.0,-7245.0,-44337.0,-0.1169915720820427,-12.942469596862793,-13.277114868164062,-13.996711730957031,-6170.0,nan,0.0,0.0,0.0,525313,370994
1748545557841.6204,1.0287487506866455,-0.08620469272136688,0.08309591561555862,-41183.0,-5241.0,-7218.0,-44378.0,-0.1683090329170227,-12.94229507446289,-13.277359008789062,-13.996554374694824,-6117.0,nan,0.0,0.0,0.0,525313,371095
1748545557941.384,1.029738187789917,-0.08620135486125946,0.08840655535459518,-41179.0,-5256.0,-7218.0,-44390.0,-0.19854967296123505,-12.942609786987305,-13.277620315551758,-13.995891571044922,-6125.0,nan,0.0,0.0,0.0,525313,371195
1748545558042.763,1.0264712572097778,-0.08620401471853256,0.0827835202217102,-41170.0,-5192.0,-7131.0,-44377.0,-0.17289094626903534,-12.942452430725098,-13.277463912963867,-13.996118545532227,-6224.0,nan,0.0,0.0,0.0,525313,371296
1748545558142.5442,1.0275863409042358,-0.08620456606149673,0.07653570920228958,-41142.0,-5290.0,-7310.0,-44350.0,-0.15547966957092285,-12.941998481750488,-13.276992797851562,-13.996467590332031,-6153.0,nan,0.0,0.0,0.0,525313,371396
1748545558243.6458,1.0300942659378052,-0.0862051248550415,0.08465787023305893,-41162.0,-5245.0,-7246.0,-44369.0,-0.1374574601650238,-12.942347526550293,-13.277987480163574,-13.996520042419434,-6181.0,nan,0.0,0.0,0.0,525313,371497
1748545558344.9983,1.0305811166763306,-0.08620481193065643,0.07591092586517334,-41190.0,-5156.0,-7199.0,-44395.0,-0.10630043596029282,-12.942399978637695,-13.277323722839355,-13.995664596557617,-6140.0,nan,0.0,0.0,0.0,525313,371598
1748545558444.4124,1.0293874740600586,-0.08620419353246689,0.07622332125902176,-41171.0,-5176.0,-7249.0,-44434.0,-0.04948468878865242,-12.942662239074707,-13.27730655670166,-13.997077941894531,-6230.0,nan,0.0,0.0,0.0,525313,371698
1748545558546.3193,1.0273873805999756,-0.08620388805866241,0.08028439432382584,-41152.0,-5221.0,-7326.0,-44407.0,-0.03848809003829956,-12.94180679321289,-13.27730655670166,-13.996345520019531,-6233.0,nan,0.0,0.0,0.0,525313,371800
1748545558646.801,1.0292460918426514,-0.0862032100558281,0.0768480971455574,-41148.0,-5209.0,-7235.0,-44384.0,-0.03543347865343094,-12.943011283874512,-13.277481079101562,-13.99620532989502,-6216.0,nan,0.0,0.0,0.0,525313,371900
1748545558748.0164,1.0297801494598389,-0.0862046331167221,0.0915304645895958,-41158.0,-5255.0,-7221.0,-44354.0,-0.036349862813949585,-12.942347526550293,-13.27776050567627,-13.997479438781738,-6224.0,nan,0.0,0.0,0.0,525313,372001
1748545558848.8403,1.0291047096252441,-0.08620240539312363,0.08028439432382584,-41136.0,-5304.0,-7224.0,-44396.0,-0.027796953916549683,-12.941998481750488,-13.277830123901367,-13.99575138092041,-6180.0,nan,0.0,0.0,0.0,525313,372102
1748545558950.0002,1.029261827468872,-0.08620426058769226,0.07466136664152145,-41166.0,-5275.0,-7227.0,-44354.0,-0.02871333621442318,-12.942277908325195,-13.277812957763672,-13.996415138244629,-6222.0,nan,0.0,0.0,0.0,525313,372203
1748545559051.401,1.02747642993927,-0.08620592951774597,0.0871569886803627,-41137.0,-5229.0,-7206.0,-44385.0,-0.034822557121515274,-12.942784309387207,-13.277865409851074,-13.996310234069824,-6217.0,nan,0.0,0.0,0.0,525313,372304
1748545559152.4402,1.0286754369735718,-0.0862046331167221,0.09184285253286362,-41148.0,-5223.0,-7236.0,-44398.0,-0.036349862813949585,-12.942522048950195,-13.278179168701172,-13.995978355407715,-6259.0,nan,0.0,0.0,0.0,525313,372405
1748545559252.7751,1.0285654067993164,-0.08620326966047287,0.08309591561555862,-41139.0,-5254.0,-7261.0,-44394.0,-0.04245908185839653,-12.9420166015625,-13.27755069732666,-13.996345520019531,-6230.0,nan,0.0,0.0,0.0,525313,372506
1748545559352.934,1.0296911001205444,-0.08620555698871613,0.07716049253940582,-41171.0,-5164.0,-7351.0,-44340.0,-0.03970993310213089,-12.942487716674805,-13.277830123901367,-13.996274948120117,-6210.0,nan,0.0,0.0,0.0,525313,372606
1748545559454.1973,1.03057062625885,-0.08620450645685196,0.08809416741132736,-41156.0,-5186.0,-7356.0,-44397.0,-0.03298979252576828,-12.942225456237793,-13.277585983276367,-13.996747016906738,-6198.0,nan,0.0,0.0,0.0,525313,372707
1748545559554.0225,1.0313507318496704,-0.08620413392782211,0.08090917766094208,-41162.0,-5192.0,-7347.0,-44399.0,-0.03970993310213089,-12.94205093383789,-13.277567863464355,-13.996415138244629,-6208.0,nan,0.0,0.0,0.0,525313,372808
1748545559654.457,1.031308889389038,-0.08620166033506393,0.08090917766094208,-41154.0,-5199.0,-7372.0,-44382.0,-0.036655325442552567,-12.942731857299805,-13.277236938476562,-13.99692153930664,-6337.0,nan,0.0,0.0,0.0,525313,372908
1748545559755.194,1.0277748107910156,-0.0862032100558281,0.08372069150209427,-41184.0,-5188.0,-7414.0,-44396.0,-0.04307000711560249,-12.94192886352539,-13.277393341064453,-13.996100425720215,-6312.0,nan,0.0,0.0,0.0,525313,373009
1748545559855.6694,1.0304659605026245,-0.08620407432317734,0.08153396099805832,-41169.0,-5175.0,-7367.0,-44380.0,-0.03176794573664665,-12.942522048950195,-13.277533531188965,-13.996520042419434,-6195.0,nan,0.0,0.0,0.0,525313,373109
1748545559957.8572,1.0293664932250977,-0.08620351552963257,0.08684460073709488,-41155.0,-5184.0,-7298.0,-44393.0,-0.059870362281799316,-12.942243576049805,-13.278074264526367,-13.996415138244629,-6249.0,nan,0.0,0.0,0.0,525313,373210
1748545560056.9626,1.028769612312317,-0.08620469272136688,0.07309941202402115,-41175.0,-5171.0,-7244.0,-44387.0,-0.09469292312860489,-12.94180679321289,-13.277899742126465,-13.996554374694824,-6316.0,nan,0.0,0.0,0.0,525313,373311
1748545560157.9448,1.0290000438690186,-0.08620166033506393,0.09184285253286362,-41186.0,-5176.0,-7252.0,-44425.0,-0.14295576512813568,-12.942033767700195,-13.27721881866455,-13.99571704864502,-6245.0,nan,0.0,0.0,0.0,525313,373411
1748545560259.1716,1.0273873805999756,-0.08620728552341461,0.08996850997209549,-41183.0,-5138.0,-7394.0,-44375.0,-0.1597561240196228,-12.942243576049805,-13.277585983276367,-13.996623992919922,-6266.0,nan,0.0,0.0,0.0,525313,373512
1748545560359.4153,1.0273560285568237,-0.08620413392782211,0.09278002381324768,-41194.0,-5232.0,-7335.0,-44354.0,-0.10843866318464279,-12.9425048828125,-13.277359008789062,-13.996747016906738,-6251.0,nan,0.0,0.0,0.0,525313,373613
1748545560459.3027,1.0264397859573364,-0.08620549738407135,0.06966311484575272,-41131.0,-5271.0,-7267.0,-44388.0,-0.12676632404327393,-12.94229507446289,-13.277289390563965,-13.996623992919922,-6221.0,nan,0.0,0.0,0.0,525313,373713
1748545560560.4382,1.0272932052612305,-0.08620357513427734,0.08590742945671082,-41173.0,-5180.0,-7338.0,-44390.0,-0.16464349627494812,-12.941842079162598,-13.277865409851074,-13.996135711669922,-6248.0,nan,0.0,0.0,0.0,525313,373813
1748545560660.9167,1.0265288352966309,-0.08620364218950272,0.08621981739997864,-41186.0,-5265.0,-7419.0,-44389.0,-0.1652544140815735,-12.94217300415039,-13.277323722839355,-13.997095108032227,-6123.0,nan,0.0,0.0,0.0,525313,373914
1748545560761.0486,1.0271570682525635,-0.08620531111955643,0.07809766381978989,-41161.0,-5248.0,-7350.0,-44375.0,-0.17136363685131073,-12.942069053649902,-13.277359008789062,-13.996833801269531,-6285.0,nan,0.0,0.0,0.0,525313,374015
1748545560862.6545,1.0285706520080566,-0.08620339632034302,0.08746938407421112,-41172.0,-5157.0,-7352.0,-44408.0,-0.12187895178794861,-12.942644119262695,-13.277289390563965,-13.997113227844238,-6186.0,nan,0.0,0.0,0.0,525313,374116
1748545560962.3997,1.0267539024353027,-0.08620475232601166,0.08153396099805832,-41174.0,-5192.0,-7368.0,-44398.0,-0.07239426672458649,-12.942191123962402,-13.277725219726562,-13.996415138244629,-6248.0,nan,0.0,0.0,0.0,525313,374216
1748545561063.2266,1.0284764766693115,-0.08620531111955643,0.07653570920228958,-41190.0,-5237.0,-7252.0,-44412.0,-0.03848809003829956,-12.942662239074707,-13.277236938476562,-13.996869087219238,-6281.0,nan,0.0,0.0,0.0,525313,374316
1748545561163.463,1.0280680656433105,-0.08620493859052658,0.0827835202217102,-41169.0,-5232.0,-7261.0,-44396.0,-0.0326843298971653,-12.942243576049805,-13.27709674835205,-13.996362686157227,-6193.0,nan,0.0,0.0,0.0,525313,374418
1748545561264.7031,1.028602123260498,-0.08620209246873856,0.08465787023305893,-41144.0,-5201.0,-7294.0,-44388.0,-0.0412372387945652,-12.94229507446289,-13.277359008789062,-13.996415138244629,-6165.0,nan,0.0,0.0,0.0,525313,374517
1748545561365.0876,1.0287067890167236,-0.0862048789858818,0.08497025817632675,-41141.0,-5227.0,-7262.0,-44391.0,-0.03726624697446823,-12.942784309387207,-13.277690887451172,-13.99608325958252,-6098.0,nan,0.0,0.0,0.0,525313,374618
1748545561465.2935,1.02708899974823,-0.08620432019233704,0.0827835202217102,-41155.0,-5240.0,-7389.0,-44394.0,-0.03696078434586525,-12.942435264587402,-13.278091430664062,-13.99644947052002,-6137.0,nan,0.0,0.0,0.0,525313,374719
1748545561565.129,1.0291937589645386,-0.0862053707242012,0.07434897869825363,-41159.0,-5217.0,-7370.0,-44378.0,-0.035128019750118256,-12.942033767700195,-13.27742862701416,-13.996694564819336,-6135.0,nan,0.0,0.0,0.0,525313,374820
1748545561666.0735,1.0268062353134155,-0.0862061157822609,0.08621981739997864,-41149.0,-5101.0,-7327.0,-44410.0,-0.0360444001853466,-12.942609786987305,-13.277567863464355,-13.995856285095215,-6135.0,nan,0.0,0.0,0.0,525313,374920
1748545561767.7205,1.0290156602859497,-0.08620499819517136,0.07341179996728897,-41191.0,-5258.0,-7352.0,-44384.0,-0.03940447419881821,-12.942662239074707,-13.277481079101562,-13.996274948120117,-6180.0,nan,0.0,0.0,0.0,525313,375021
1748545561867.0107,1.0306178331375122,-0.08620692044496536,0.07965961843729019,-41150.0,-5127.0,-7280.0,-44423.0,-0.036655325442552567,-12.942243576049805,-13.27788257598877,-13.99620532989502,-6162.0,nan,0.0,0.0,0.0,525313,375121
1748545561967.3047,1.0265183448791504,-0.08620357513427734,0.07403658330440521,-41154.0,-5231.0,-7242.0,-44366.0,-0.03940447419881821,-12.942138671875,-13.277777671813965,-13.996223449707031,-6181.0,nan,0.0,0.0,0.0,525313,375222
1748545562068.7634,1.027727723121643,-0.0862048789858818,0.07965961843729019,-41177.0,-5212.0,-7324.0,-44361.0,-0.03818262740969658,-12.942330360412598,-13.27763843536377,-13.99596118927002,-6145.0,nan,0.0,0.0,0.0,525313,375323
1748545562168.998,1.029895305633545,-0.08620308339595795,0.07872244715690613,-41149.0,-5254.0,-7353.0,-44376.0,-0.04612461477518082,-12.942330360412598,-13.277463912963867,-13.996310234069824,-6245.0,nan,0.0,0.0,0.0,525313,375424
1748545562270.5989,1.027884840965271,-0.08620382845401764,0.08465787023305893,-41234.0,-5190.0,-7331.0,-44363.0,-0.045819155871868134,-12.942347526550293,-13.277463912963867,-13.995996475219727,-6177.0,nan,0.0,0.0,0.0,525313,375525
1748545562370.9536,1.026816725730896,-0.08620456606149673,0.08465787023305893,-41144.0,-5218.0,-7274.0,-44373.0,-0.030546102672815323,-12.942609786987305,-13.277690887451172,-13.996362686157227,-6228.0,nan,0.0,0.0,0.0,525313,375625
1748545562470.4536,1.028329849243164,-0.08620302379131317,0.08497025817632675,-41138.0,-5172.0,-7308.0,-44399.0,-0.03848809003829956,-12.942313194274902,-13.277254104614258,-13.996345520019531,-6206.0,nan,0.0,0.0,0.0,525313,375725
1748545562572.1887,1.0302670001983643,-0.08620426058769226,0.08340830355882645,-41129.0,-5223.0,-7230.0,-44352.0,-0.03543347865343094,-12.941981315612793,-13.27767276763916,-13.996188163757324,-6175.0,nan,0.0,0.0,0.0,525313,375826
1748545562671.6238,1.0308586359024048,-0.0862058624625206,0.08465787023305893,-41133.0,-5215.0,-7300.0,-44367.0,-0.02871333621442318,-12.9423828125,-13.277289390563965,-13.995420455932617,-6241.0,nan,0.0,0.0,0.0,525313,375926
1748545562772.662,1.0284397602081299,-0.0862061157822609,0.0768480971455574,-41130.0,-5297.0,-7359.0,-44390.0,-0.03879355266690254,-12.942191123962402,-13.27706241607666,-13.996048927307129,-6159.0,nan,0.0,0.0,0.0,525313,376027
1748545562873.1794,1.0296125411987305,-0.08620475232601166,0.06997550278902054,-41156.0,-5245.0,-7343.0,-44361.0,-0.04276454448699951,-12.9423828125,-13.27730655670166,-13.996013641357422,-6113.0,nan,0.0,0.0,0.0,525313,376128
1748545562973.7864,1.0273560285568237,-0.08620339632034302,0.08028439432382584,-41150.0,-5207.0,-7356.0,-44367.0,-0.051317453384399414,-12.94192886352539,-13.277777671813965,-13.996293067932129,-6232.0,nan,0.0,0.0,0.0,525313,376229
1748545563075.2449,1.026350736618042,-0.08620493859052658,0.07591092586517334,-41150.0,-5170.0,-7263.0,-44404.0,-0.033600714057683945,-12.94287109375,-13.277777671813965,-13.997008323669434,-6170.0,nan,0.0,0.0,0.0,525313,376330
1748545563175.7622,1.0284502506256104,-0.08620332926511765,0.08465787023305893,-41193.0,-5160.0,-7253.0,-44374.0,-0.02901879884302616,-12.942243576049805,-13.27721881866455,-13.997060775756836,-6235.0,nan,0.0,0.0,0.0,525313,376430
1748545563276.6633,1.0275707244873047,-0.086201973259449,0.06872594356536865,-41163.0,-5227.0,-7263.0,-44338.0,-0.039099011570215225,-12.942452430725098,-13.27767276763916,-13.995856285095215,-6272.0,nan,0.0,0.0,0.0,525313,376531
1748545563375.9966,1.0293612480163574,-0.08620326966047287,0.08028439432382584,-41143.0,-5241.0,-7276.0,-44383.0,-0.033600714057683945,-12.94205093383789,-13.277009963989258,-13.995996475219727,-6222.0,nan,0.0,0.0,0.0,525313,376632
1748545563477.5176,1.0318377017974854,-0.0862046331167221,0.07809766381978989,-41176.0,-5264.0,-7334.0,-44346.0,-0.03543347865343094,-12.942138671875,-13.277393341064453,-13.995786666870117,-6212.0,nan,0.0,0.0,0.0,525313,376732
1748545563577.4492,1.02998948097229,-0.08620382845401764,0.07497375458478928,-41183.0,-5230.0,-7294.0,-44372.0,-0.034822557121515274,-12.94205093383789,-13.27742862701416,-13.996293067932129,-6232.0,nan,0.0,0.0,0.0,525313,376833
1748545563677.5508,1.027068018913269,-0.08620437979698181,0.0827835202217102,-41144.0,-5271.0,-7201.0,-44431.0,-0.033600714057683945,-12.941859245300293,-13.277603149414062,-13.996188163757324,-6215.0,nan,0.0,0.0,0.0,525313,376933
1748545563777.932,1.0261884927749634,-0.08620525151491165,0.07809766381978989,-41136.0,-5242.0,-7303.0,-44420.0,-0.037571705877780914,-12.941842079162598,-13.27767276763916,-13.997322082519531,-6143.0,nan,0.0,0.0,0.0,525313,377034
1748545563879.196,1.0270051956176758,-0.08620598912239075,0.08184634894132614,-41168.0,-5185.0,-7389.0,-44383.0,-0.04490277171134949,-12.942191123962402,-13.277445793151855,-13.996257781982422,-6213.0,nan,0.0,0.0,0.0,525313,377135
1748545563979.6848,1.0286282300949097,-0.0862058624625206,0.08059678971767426,-41150.0,-5244.0,-7385.0,-44382.0,-0.04429185017943382,-12.9425048828125,-13.27742862701416,-13.996520042419434,-6212.0,nan,0.0,0.0,0.0,525313,377236
1748545564081.8635,1.0256859064102173,-0.08620469272136688,0.08684460073709488,-41177.0,-5131.0,-7367.0,-44338.0,-0.04398638755083084,-12.9420166015625,-13.277899742126465,-13.996240615844727,-6314.0,nan,0.0,0.0,0.0,525313,377337
1748545564180.883,1.0259267091751099,-0.08620364218950272,0.08403308689594269,-41143.0,-5193.0,-7244.0,-44371.0,-0.04917922616004944,-12.942347526550293,-13.277987480163574,-13.996886253356934,-6277.0,nan,0.0,0.0,0.0,525313,377438
1748545564282.333,1.0248900651931763,-0.08620493859052658,0.07591092586517334,-41152.0,-5188.0,-7300.0,-44359.0,-0.051622916013002396,-12.942469596862793,-13.276957511901855,-13.99632740020752,-6216.0,nan,0.0,0.0,0.0,525313,377538
1748545564383.4426,1.028214693069458,-0.08620394766330719,0.08434547483921051,-41201.0,-5237.0,-7294.0,-44394.0,-0.06170312687754631,-12.942277908325195,-13.277411460876465,-13.99644947052002,-6252.0,nan,0.0,0.0,0.0,525313,377639
1748545564484.257,1.0290000438690186,-0.08620450645685196,0.08215874433517456,-41152.0,-5250.0,-7275.0,-44392.0,-0.07483795285224915,-12.94217300415039,-13.277498245239258,-13.996589660644531,-6201.0,nan,0.0,0.0,0.0,525313,377740
1748545564584.2017,1.0274606943130493,-0.08620413392782211,0.08621981739997864,-41167.0,-5271.0,-7287.0,-44401.0,-0.10324583202600479,-12.941981315612793,-13.277236938476562,-13.996048927307129,-6251.0,nan,0.0,0.0,0.0,525313,377841
1748545564684.5654,1.02767014503479,-0.08620413392782211,0.08059678971767426,-41162.0,-5128.0,-7276.0,-44350.0,-0.13104277849197388,-12.942138671875,-13.277359008789062,-13.997479438781738,-6262.0,nan,0.0,0.0,0.0,525313,377941
1748545564786.057,1.0276020765304565,-0.0862046331167221,0.08090917766094208,-41186.0,-5254.0,-7251.0,-44373.0,-0.19335682690143585,-12.942452430725098,-13.277236938476562,-13.996747016906738,-6191.0,nan,0.0,0.0,0.0,525313,378042
1748545564886.6006,1.0290000438690186,-0.08620493859052658,0.08247113227844238,-41186.0,-5220.0,-7252.0,-44361.0,-0.24161967635154724,-12.942365646362305,-13.27763843536377,-13.995559692382812,-6176.0,nan,0.0,0.0,0.0,525313,378143
1748545564985.6348,1.0292460918426514,-0.08620481193065643,0.07747288048267365,-41163.0,-5073.0,-7294.0,-44427.0,-0.2834678292274475,-12.942452430725098,-13.277445793151855,-13.996013641357422,-6209.0,nan,0.0,0.0,0.0,525313,378243
1748545565086.8027,1.0289162397384644,-0.08620475232601166,0.08590742945671082,-41139.0,-5204.0,-7332.0,-44376.0,-0.3302033841609955,-12.942522048950195,-13.276922225952148,-13.996747016906738,-6202.0,nan,0.0,0.0,0.0,525313,378343
1748545565188.3645,1.0299214124679565,-0.08620660752058029,0.08059678971767426,-41203.0,-5281.0,-7391.0,-44379.0,-0.38610273599624634,-12.941823959350586,-13.277620315551758,-13.996274948120117,-6242.0,nan,0.0,0.0,0.0,525313,378445
1748545565288.5059,1.0297539234161377,-0.08620302379131317,0.07403658330440521,-41164.0,-5157.0,-7280.0,-44397.0,-0.45422056317329407,-12.942540168762207,-13.277201652526855,-13.997008323669434,-6208.0,nan,0.0,0.0,0.0,525313,378545
1748545565387.0105,1.0299057960510254,-0.08620506525039673,0.08621981739997864,-41162.0,-5250.0,-7289.0,-44376.0,-0.5147018432617188,-12.942644119262695,-13.277044296264648,-13.996118545532227,-6290.0,nan,0.0,0.0,0.0,525313,378645
1748545565489.9377,1.027785301208496,-0.08620382845401764,0.08840655535459518,-41171.0,-5276.0,-7316.0,-44369.0,-0.5779322981834412,-12.942609786987305,-13.277987480163574,-13.996240615844727,-6199.0,nan,0.0,0.0,0.0,525313,378746
1748545565588.7063,1.028329849243164,-0.0862048789858818,0.07434897869825363,-41157.0,-5193.0,-7277.0,-44361.0,-0.627722442150116,-12.941859245300293,-13.277079582214355,-13.995786666870117,-6142.0,nan,0.0,0.0,0.0,525313,378846
1748545565690.3013,1.0276648998260498,-0.0862046331167221,0.07872244715690613,-41175.0,-5226.0,-7300.0,-44381.0,-0.6466609835624695,-12.942120552062988,-13.276695251464844,-13.996798515319824,-6180.0,nan,0.0,0.0,0.0,525313,378947
1748545565791.3804,1.0275182723999023,-0.08620475232601166,0.07216224074363708,-41164.0,-5279.0,-7388.0,-44376.0,-0.6530756950378418,-12.94189453125,-13.277620315551758,-13.996345520019531,-6160.0,nan,0.0,0.0,0.0,525313,379048
1748545565891.6467,1.0304449796676636,-0.08620481193065643,0.07997200638055801,-41122.0,-5294.0,-7374.0,-44415.0,-0.6151984930038452,-12.942487716674805,-13.277498245239258,-13.995978355407715,-6151.0,nan,0.0,0.0,0.0,525313,379149
1748545565993.071,1.0262984037399292,-0.08620481193065643,0.07653570920228958,-41188.0,-5290.0,-7355.0,-44385.0,-0.5916780233383179,-12.942557334899902,-13.277149200439453,-13.996764183044434,-6278.0,nan,0.0,0.0,0.0,525313,379250
1748545566094.2266,1.027439832687378,-0.08620493859052658,0.08434547483921051,-41173.0,-5288.0,-7311.0,-44389.0,-0.5883179306983948,-12.942469596862793,-13.277725219726562,-13.996345520019531,-6209.0,nan,0.0,0.0,0.0,525313,379351
1748545566192.6829,1.0288063287734985,-0.08620437979698181,0.08465787023305893,-41180.0,-5213.0,-7350.0,-44396.0,-0.5800704956054688,-12.94229507446289,-13.277289390563965,-13.996484756469727,-6325.0,nan,0.0,0.0,0.0,525313,379451
1748545566296.9146,1.0291937589645386,-0.08620364218950272,0.08497025817632675,-41185.0,-5230.0,-7367.0,-44411.0,-0.5550227165222168,-12.942469596862793,-13.277044296264648,-13.996100425720215,-6239.0,nan,0.0,0.0,0.0,525313,379553
1748545566396.5156,1.0267906188964844,-0.08620493859052658,0.08778177201747894,-41150.0,-5149.0,-7401.0,-44331.0,-0.5357786417007446,-12.941964149475098,-13.276905059814453,-13.996135711669922,-6208.0,nan,0.0,0.0,0.0,525313,379653
1748545566495.4941,1.0285601615905762,-0.08620376139879227,0.07841005176305771,-41189.0,-5331.0,-7336.0,-44367.0,-0.5366950631141663,-12.942644119262695,-13.277498245239258,-13.995891571044922,-6261.0,nan,0.0,0.0,0.0,525313,379753
1748545566598.16,1.0284031629562378,-0.08620407432317734,0.08090917766094208,-41159.0,-5341.0,-7333.0,-44404.0,-0.5266148447990417,-12.94180679321289,-13.277655601501465,-13.996869087219238,-6272.0,nan,0.0,0.0,0.0,525313,379855
1748545566697.1575,1.0291622877120972,-0.08620469272136688,0.08590742945671082,-41150.0,-5299.0,-7399.0,-44401.0,-0.5073707699775696,-12.942243576049805,-13.27767276763916,-13.995769500732422,-6244.0,nan,0.0,0.0,0.0,525313,379955
1748545566798.5898,1.027727723121643,-0.08620499819517136,0.0812215730547905,-41160.0,-5219.0,-7291.0,-44389.0,-0.5043161511421204,-12.942225456237793,-13.277271270751953,-13.996537208557129,-6202.0,nan,0.0,0.0,0.0,525313,380056
1748545566898.8127,1.02882719039917,-0.08620394766330719,0.08434547483921051,-41161.0,-5244.0,-7315.0,-44373.0,-0.5128690600395203,-12.942574501037598,-13.27767276763916,-13.996728897094727,-6277.0,nan,0.0,0.0,0.0,525313,380156
1748545566998.2046,1.0298795700073242,-0.08620326966047287,0.07778527587652206,-41140.0,-5248.0,-7333.0,-44336.0,-0.513480007648468,-12.942557334899902,-13.277725219726562,-13.996711730957031,-6132.0,nan,0.0,0.0,0.0,525313,380256
1748545567099.4077,1.0268847942352295,-0.0862022191286087,0.07747288048267365,-41176.0,-5171.0,-7266.0,-44383.0,-0.514090895652771,-12.9422607421875,-13.277742385864258,-13.996606826782227,-6175.0,nan,0.0,0.0,0.0,525313,380357
1748545567199.641,1.0287015438079834,-0.0862029641866684,0.08059678971767426,-41136.0,-5191.0,-7315.0,-44343.0,-0.5113417506217957,-12.9423828125,-13.276957511901855,-13.996240615844727,-6174.0,nan,0.0,0.0,0.0,525313,380457
1748545567300.0603,1.0268847942352295,-0.0862032100558281,0.07653570920228958,-41124.0,-5113.0,-7300.0,-44429.0,-0.48385027050971985,-12.942801475524902,-13.277987480163574,-13.996676445007324,-6201.0,nan,0.0,0.0,0.0,525313,380558
1748545567400.1377,1.0291047096252441,-0.08620722591876984,0.07934722304344177,-41161.0,-5231.0,-7287.0,-44352.0,-0.4658280611038208,-12.942696571350098,-13.277742385864258,-13.99608325958252,-6267.0,nan,0.0,0.0,0.0,525313,380658
1748545567500.7253,1.0267434120178223,-0.08620437979698181,0.07778527587652206,-41175.0,-5293.0,-7304.0,-44390.0,-0.47163182497024536,-12.942225456237793,-13.276905059814453,-13.99728775024414,-6182.0,nan,0.0,0.0,0.0,525313,380759
1748545567602.0793,1.0274921655654907,-0.08620401471853256,0.08840655535459518,-41153.0,-5276.0,-7300.0,-44362.0,-0.4471949636936188,-12.942069053649902,-13.277445793151855,-13.996432304382324,-6179.0,nan,0.0,0.0,0.0,525313,380860
1748545567702.4739,1.0275182723999023,-0.08620345592498779,0.08809416741132736,-41187.0,-5162.0,-7283.0,-44359.0,-0.4398638904094696,-12.9425048828125,-13.277167320251465,-13.996484756469727,-6189.0,nan,0.0,0.0,0.0,525313,380961
1748545567802.3503,1.0283664464950562,-0.08620265126228333,0.07778527587652206,-41174.0,-5255.0,-7213.0,-44403.0,-0.4090123176574707,-12.942469596862793,-13.277393341064453,-13.996048927307129,-6273.0,nan,0.0,0.0,0.0,525313,381062
1748545567903.6821,1.029429316520691,-0.08620277792215347,0.07965961843729019,-41151.0,-5223.0,-7312.0,-44391.0,-0.3970993459224701,-12.942313194274902,-13.277899742126465,-13.996240615844727,-6279.0,nan,0.0,0.0,0.0,525313,381162
1748545568004.693,1.0274450778961182,-0.08620382845401764,0.09090568125247955,-41144.0,-5314.0,-7296.0,-44351.0,-0.38610273599624634,-12.942138671875,-13.277533531188965,-13.995925903320312,-6334.0,nan,0.0,0.0,0.0,525313,381263
1748545568105.8286,1.0254502296447754,-0.08620617538690567,0.08309591561555862,-41149.0,-5253.0,-7296.0,-44393.0,-0.372967928647995,-12.942086219787598,-13.277079582214355,-13.996589660644531,-6343.0,nan,0.0,0.0,0.0,525313,381364
1748545568206.7266,1.0280314683914185,-0.08620357513427734,0.07747288048267365,-41176.0,-5270.0,-7290.0,-44337.0,-0.3436436653137207,-12.942644119262695,-13.277167320251465,-13.996833801269531,-6359.0,nan,0.0,0.0,0.0,525313,381465
1748545568307.2686,1.0274083614349365,-0.08620549738407135,0.07841005176305771,-41180.0,-5268.0,-7369.0,-44387.0,-0.326232373714447,-12.942644119262695,-13.27755069732666,-13.996362686157227,-6384.0,nan,0.0,0.0,0.0,525313,381566
1748545568407.6025,1.0294188261032104,-0.08620506525039673,0.08621981739997864,-41178.0,-5209.0,-7270.0,-44386.0,-0.3195122480392456,-12.942191123962402,-13.277708053588867,-13.996938705444336,-6351.0,nan,0.0,0.0,0.0,525313,381667
1748545568508.7747,1.0277329683303833,-0.0862046331167221,0.08590742945671082,-41146.0,-5239.0,-7326.0,-44395.0,-0.33570167422294617,-12.942138671875,-13.277603149414062,-13.996310234069824,-6254.0,nan,0.0,0.0,0.0,525313,381767
1748545568608.736,1.0289790630340576,-0.08620332926511765,0.08621981739997864,-41179.0,-5238.0,-7292.0,-44393.0,-0.317984938621521,-12.942208290100098,-13.277463912963867,-13.996659278869629,-6310.0,nan,0.0,0.0,0.0,525313,381868
1748545568710.2427,1.0287853479385376,-0.08620407432317734,0.08903133869171143,-41125.0,-5224.0,-7316.0,-44369.0,-0.28988251090049744,-12.94180679321289,-13.277655601501465,-13.995908737182617,-6282.0,nan,0.0,0.0,0.0,525313,381969
1748545568811.3535,1.0289372205734253,-0.08620413392782211,0.08621981739997864,-41153.0,-5164.0,-7303.0,-44384.0,-0.2730821669101715,-12.942208290100098,-13.27721881866455,-13.995978355407715,-6262.0,nan,0.0,0.0,0.0,525313,382070
1748545568911.5369,1.0269057750701904,-0.08620357513427734,0.08465787023305893,-41176.0,-5244.0,-7266.0,-44349.0,-0.273387610912323,-12.942208290100098,-13.277603149414062,-13.997618675231934,-6291.0,nan,0.0,0.0,0.0,525313,382170
1748545569012.8665,1.0283403396606445,-0.08620450645685196,0.07591092586517334,-41149.0,-5199.0,-7305.0,-44397.0,-0.28468969464302063,-12.942086219787598,-13.277341842651367,-13.99692153930664,-6251.0,nan,0.0,0.0,0.0,525313,382271
1748545569112.5107,1.0289790630340576,-0.08620339632034302,0.08653221279382706,-41189.0,-5225.0,-7297.0,-44394.0,-0.2834678292274475,-12.942313194274902,-13.277987480163574,-13.995908737182617,-6310.0,nan,0.0,0.0,0.0,525313,382372
1748545569211.881,1.02863347530365,-0.08620283752679825,0.07809766381978989,-41159.0,-5139.0,-7373.0,-44390.0,-0.30301734805107117,-12.94192886352539,-13.277236938476562,-13.996623992919922,-6254.0,nan,0.0,0.0,0.0,525313,382472
1748545569314.273,1.0292513370513916,-0.08620475232601166,0.0827835202217102,-41171.0,-5232.0,-7336.0,-44368.0,-0.2972135841846466,-12.9422607421875,-13.277114868164062,-13.995996475219727,-6327.0,nan,0.0,0.0,0.0,525313,382573
1748545569413.0586,1.0276230573654175,-0.08620450645685196,0.08684460073709488,-41165.0,-5248.0,-7282.0,-44399.0,-0.315846711397171,-12.942120552062988,-13.277935028076172,-13.995978355407715,-6355.0,nan,0.0,0.0,0.0,525313,382673
1748545569514.099,1.028020977973938,-0.08620493859052658,0.07965961843729019,-41155.0,-5154.0,-7285.0,-44407.0,-0.31859585642814636,-12.942522048950195,-13.277865409851074,-13.996345520019531,-6309.0,nan,0.0,0.0,0.0,525313,382774
1748545569615.3442,1.025848150253296,-0.08620240539312363,0.07903483510017395,-41161.0,-5263.0,-7307.0,-44421.0,-0.3439491093158722,-12.9422607421875,-13.278109550476074,-13.99575138092041,-6316.0,nan,0.0,0.0,0.0,525313,382875
1748545569716.0674,1.0290000438690186,-0.08620444685220718,0.08403308689594269,-41190.0,-5315.0,-7277.0,-44380.0,-0.3748006820678711,-12.942243576049805,-13.278057098388672,-13.996379852294922,-6348.0,nan,0.0,0.0,0.0,525313,382976
1748545569816.1616,1.0287801027297974,-0.08620531111955643,0.08434547483921051,-41178.0,-5315.0,-7334.0,-44400.0,-0.40443041920661926,-12.941737174987793,-13.277359008789062,-13.995821952819824,-6258.0,nan,0.0,0.0,0.0,525313,383076
1748545569916.0464,1.0269895792007446,-0.0862051248550415,0.088718943297863,-41140.0,-5194.0,-7397.0,-44425.0,-0.42397990822792053,-12.942347526550293,-13.277567863464355,-13.996293067932129,-6312.0,nan,0.0,0.0,0.0,525313,383176
1748545570017.38,1.0298115015029907,-0.08620623499155045,0.07934722304344177,-41167.0,-5189.0,-7325.0,-44379.0,-0.44108572602272034,-12.9427490234375,-13.277620315551758,-13.995542526245117,-6341.0,nan,0.0,0.0,0.0,525313,383277
1748545570117.7698,1.0300523042678833,-0.08620240539312363,0.08247113227844238,-41149.0,-5214.0,-7265.0,-44349.0,-0.4365038275718689,-12.942138671875,-13.27763843536377,-13.996257781982422,-6325.0,nan,0.0,0.0,0.0,525313,383378
1748545570219.536,1.0309842824935913,-0.08620302379131317,0.08934372663497925,-41138.0,-5282.0,-7379.0,-44377.0,-0.42550721764564514,-12.942574501037598,-13.277603149414062,-13.996379852294922,-6294.0,nan,0.0,0.0,0.0,525313,383479
1748545570319.04,1.0311779975891113,-0.08620555698871613,0.07997200638055801,-41123.0,-5178.0,-7267.0,-44402.0,-0.425812691450119,-12.942225456237793,-13.278162002563477,-13.995891571044922,-6244.0,nan,0.0,0.0,0.0,525313,383579
1748545570420.4448,1.026371717453003,-0.08620432019233704,0.085595041513443,-41162.0,-5210.0,-7273.0,-44385.0,-0.41878706216812134,-12.942365646362305,-13.277567863464355,-13.997147560119629,-6294.0,nan,0.0,0.0,0.0,525313,383680
1748545570522.2441,1.0299214124679565,-0.08620302379131317,0.08028439432382584,-41140.0,-5208.0,-7308.0,-44412.0,-0.41145601868629456,-12.942452430725098,-13.278231620788574,-13.996711730957031,-6216.0,nan,0.0,0.0,0.0,525313,383781
1748545570620.3845,1.0297801494598389,-0.08620351552963257,0.0812215730547905,-41166.0,-5173.0,-7273.0,-44386.0,-0.4346710443496704,-12.942225456237793,-13.277655601501465,-13.996223449707031,-6295.0,nan,0.0,0.0,0.0,525313,383881
1748545570721.6738,1.0303665399551392,-0.08620426058769226,0.07591092586517334,-41154.0,-5253.0,-7225.0,-44372.0,-0.4087068736553192,-12.942399978637695,-13.27706241607666,-13.996537208557129,-6175.0,nan,0.0,0.0,0.0,525313,383982
1748545570822.3118,1.02863347530365,-0.08620413392782211,0.08340830355882645,-41172.0,-5328.0,-7362.0,-44410.0,-0.4123723804950714,-12.9425048828125,-13.277603149414062,-13.996886253356934,-6206.0,nan,0.0,0.0,0.0,525313,384083
1748545570923.3835,1.028602123260498,-0.08620673418045044,0.08497025817632675,-41148.0,-5226.0,-7365.0,-44372.0,-0.40290310978889465,-12.9425048828125,-13.27788257598877,-13.996415138244629,-6176.0,nan,0.0,0.0,0.0,525313,384184
1748545571023.8037,1.0300052165985107,-0.08620394766330719,0.09184285253286362,-41139.0,-5212.0,-7313.0,-44399.0,-0.38274267315864563,-12.942557334899902,-13.277359008789062,-13.996572494506836,-6140.0,nan,0.0,0.0,0.0,525313,384284
1748545571125.9102,1.0311518907546997,-0.08620419353246689,0.08746938407421112,-41162.0,-5181.0,-7225.0,-44410.0,-0.3818262815475464,-12.94217300415039,-13.277655601501465,-13.996432304382324,-6175.0,nan,0.0,0.0,0.0,525313,384386
1748545571227.415,1.0301151275634766,-0.08620437979698181,0.08153396099805832,-41160.0,-5227.0,-7359.0,-44398.0,-0.3741897642612457,-12.94271469116211,-13.27779483795166,-13.996659278869629,-6154.0,nan,0.0,0.0,0.0,525313,384487
1748545571326.6726,1.0315496921539307,-0.08620401471853256,0.08090917766094208,-41186.0,-5210.0,-7371.0,-44345.0,-0.3799935281276703,-12.94259262084961,-13.277359008789062,-13.996170997619629,-6223.0,nan,0.0,0.0,0.0,525313,384588
1748545571426.159,1.03018319606781,-0.08620364218950272,0.08497025817632675,-41153.0,-5158.0,-7348.0,-44392.0,-0.3851863741874695,-12.942679405212402,-13.277445793151855,-13.995647430419922,-6190.0,nan,0.0,0.0,0.0,525313,384688
1748545571527.942,1.0307120084762573,-0.08620469272136688,0.08153396099805832,-41153.0,-5220.0,-7308.0,-44397.0,-0.38732460141181946,-12.942540168762207,-13.277865409851074,-13.996606826782227,-6230.0,nan,0.0,0.0,0.0,525313,384789
1748545571627.7385,1.0312094688415527,-0.08620388805866241,0.0812215730547905,-41173.0,-5235.0,-7256.0,-44367.0,-0.39801573753356934,-12.9427490234375,-13.27721881866455,-13.996816635131836,-6219.0,nan,0.0,0.0,0.0,525313,384890
1748545571728.8289,1.0287643671035767,-0.08620574325323105,0.07965961843729019,-41144.0,-5188.0,-7286.0,-44395.0,-0.3851863741874695,-12.942365646362305,-13.278284072875977,-13.996118545532227,-6217.0,nan,0.0,0.0,0.0,525313,384991
1748545571830.562,1.032020926475525,-0.08620432019233704,0.088718943297863,-41192.0,-5139.0,-7326.0,-44371.0,-0.3628877103328705,-12.942208290100098,-13.277359008789062,-13.996379852294922,-6183.0,nan,0.0,0.0,0.0,525313,385092
1748545571930.5583,1.031387448310852,-0.08620469272136688,0.08215874433517456,-41154.0,-5188.0,-7302.0,-44367.0,-0.36869147419929504,-12.942469596862793,-13.277690887451172,-13.996379852294922,-6170.0,nan,0.0,0.0,0.0,525313,385192
1748545572032.4426,1.0307120084762573,-0.0862051248550415,0.06810116022825241,-41163.0,-5181.0,-7327.0,-44389.0,-0.35830578207969666,-12.942225456237793,-13.277167320251465,-13.996554374694824,-6160.0,nan,0.0,0.0,0.0,525313,385293
1748545572132.7886,1.0326440334320068,-0.08620493859052658,0.08184634894132614,-41178.0,-5245.0,-7344.0,-44385.0,-0.32745423913002014,-12.941964149475098,-13.277254104614258,-13.995420455932617,-6289.0,nan,0.0,0.0,0.0,525313,385394
1748545572333.3206,1.0322303771972656,-0.08620549738407135,0.07872244715690613,-41177.0,-5244.0,-7304.0,-44394.0,-0.31187570095062256,-12.942452430725098,-13.276660919189453,-13.996520042419434,-6170.0,nan,0.0,0.0,0.0,525313,385595
1748545572434.8901,1.0335235595703125,-0.08620388805866241,0.08590742945671082,-41175.0,-5315.0,-7255.0,-44366.0,-0.3112647831439972,-12.942609786987305,-13.277079582214355,-13.99608325958252,-6153.0,nan,0.0,0.0,0.0,525313,385696
1748545572535.2732,1.0318324565887451,-0.08620401471853256,0.08497025817632675,-41154.0,-5253.0,-7386.0,-44397.0,-0.3097374737262726,-12.94229507446289,-13.27721881866455,-13.995856285095215,-6164.0,nan,0.0,0.0,0.0,525313,385796
1748545572635.2717,1.0295183658599854,-0.08620413392782211,0.07747288048267365,-41177.0,-5218.0,-7267.0,-44401.0,-0.315846711397171,-12.942731857299805,-13.277899742126465,-13.996642112731934,-6150.0,nan,0.0,0.0,0.0,525313,385897
1748545572735.7385,1.031884789466858,-0.08620506525039673,0.08809416741132736,-41163.0,-5144.0,-7266.0,-44374.0,-0.3143194019794464,-12.942347526550293,-13.277411460876465,-13.996310234069824,-6179.0,nan,0.0,0.0,0.0,525313,385997
1748545572837.7915,1.02960205078125,-0.0862051248550415,0.08434547483921051,-41144.0,-5263.0,-7312.0,-44397.0,-0.32745423913002014,-12.94180679321289,-13.277481079101562,-13.996606826782227,-6179.0,nan,0.0,0.0,0.0,525313,386099
1748545572937.1072,1.0289005041122437,-0.08620469272136688,0.08059678971767426,-41138.0,-5146.0,-7287.0,-44391.0,-0.3350907564163208,-12.942522048950195,-13.277411460876465,-13.99550724029541,-6355.0,nan,0.0,0.0,0.0,525313,386199
1748545573038.1653,1.02998948097229,-0.08620481193065643,0.08621981739997864,-41168.0,-5273.0,-7386.0,-44361.0,-0.35861125588417053,-12.942522048950195,-13.277236938476562,-13.996118545532227,-6351.0,nan,0.0,0.0,0.0,525313,386300
1748545573138.909,1.02902090549469,-0.08620456606149673,0.08340830355882645,-41205.0,-5182.0,-7410.0,-44382.0,-0.35830578207969666,-12.942155838012695,-13.277533531188965,-13.99596118927002,-6275.0,nan,0.0,0.0,0.0,525313,386400
1748545573239.4224,1.033455491065979,-0.08620555698871613,0.09652870893478394,-41179.0,-5128.0,-7284.0,-44398.0,-0.3622767925262451,-12.94259262084961,-13.276957511901855,-13.995769500732422,-6271.0,nan,0.0,0.0,0.0,525313,386501
1748545573340.2861,1.0311832427978516,-0.08620401471853256,0.08746938407421112,-41184.0,-5202.0,-7284.0,-44418.0,-0.36197131872177124,-12.942679405212402,-13.27751636505127,-13.995908737182617,-6217.0,nan,0.0,0.0,0.0,525313,386602
1748545573439.2925,1.0318481922149658,-0.08620394766330719,0.07841005176305771,-41142.0,-5274.0,-7264.0,-44406.0,-0.3836590647697449,-12.942418098449707,-13.277498245239258,-13.996379852294922,-6282.0,nan,0.0,0.0,0.0,525313,386702
1748545573541.4155,1.0331099033355713,-0.0862058624625206,0.09184285253286362,-41145.0,-5220.0,-7351.0,-44389.0,-0.3937392830848694,-12.9425048828125,-13.27779483795166,-13.995925903320312,-6309.0,nan,0.0,0.0,0.0,525313,386803
1748545573642.34,1.0318586826324463,-0.08620499819517136,0.08465787023305893,-41176.0,-5197.0,-7366.0,-44396.0,-0.40565225481987,-12.942330360412598,-13.27706241607666,-13.996310234069824,-6331.0,nan,0.0,0.0,0.0,525313,386904
1748545573742.1475,1.0301361083984375,-0.0862051248550415,0.08809416741132736,-41151.0,-5188.0,-7295.0,-44431.0,-0.4007648825645447,-12.94217300415039,-13.277393341064453,-13.996467590332031,-6250.0,nan,0.0,0.0,0.0,525313,387004
1748545573842.9238,1.030863881111145,-0.08620314300060272,0.08497025817632675,-41186.0,-5113.0,-7281.0,-44397.0,-0.40443041920661926,-12.942540168762207,-13.277132034301758,-13.995944023132324,-6245.0,nan,0.0,0.0,0.0,525313,387105
1748545573943.496,1.0295339822769165,-0.08620580285787582,0.07934722304344177,-41166.0,-5254.0,-7351.0,-44406.0,-0.42397990822792053,-12.943098068237305,-13.27730655670166,-13.996623992919922,-6307.0,nan,0.0,0.0,0.0,525313,387206
1748545574043.9785,1.0313559770584106,-0.08620382845401764,0.09278002381324768,-41165.0,-5211.0,-7299.0,-44412.0,-0.4297836720943451,-12.942540168762207,-13.27763843536377,-13.996537208557129,-6307.0,nan,0.0,0.0,0.0,525313,387307
1748545574146.0999,1.0311989784240723,-0.0862027108669281,0.07653570920228958,-41152.0,-5277.0,-7365.0,-44382.0,-0.4554423987865448,-12.942662239074707,-13.277254104614258,-13.995803833007812,-6300.0,nan,0.0,0.0,0.0,525313,387408
1748545574246.2583,1.0336334705352783,-0.08620475232601166,0.0812215730547905,-41172.0,-5171.0,-7368.0,-44366.0,-0.46643900871276855,-12.942225456237793,-13.27709674835205,-13.996501922607422,-6266.0,nan,0.0,0.0,0.0,525313,387508
1748545574346.7085,1.027497410774231,-0.08620604872703552,0.09340480715036392,-41165.0,-5166.0,-7393.0,-44390.0,-0.4643007814884186,-12.942818641662598,-13.277935028076172,-13.996659278869629,-6314.0,nan,0.0,0.0,0.0,525313,387609
1748545574447.73,1.0264763832092285,-0.08620456606149673,0.08684460073709488,-41160.0,-5203.0,-7259.0,-44363.0,-0.4676608443260193,-12.942418098449707,-13.27685260772705,-13.996484756469727,-6234.0,nan,0.0,0.0,0.0,525313,387710
1748545574547.2502,1.0299214124679565,-0.08620419353246689,0.09121806919574738,-41160.0,-5222.0,-7311.0,-44387.0,-0.47193729877471924,-12.942626953125,-13.27742862701416,-13.996850967407227,-6299.0,nan,0.0,0.0,0.0,525313,387810
1748545574647.1238,1.0293402671813965,-0.08620499819517136,0.08590742945671082,-41185.0,-5222.0,-7279.0,-44384.0,-0.4728536903858185,-12.942679405212402,-13.27751636505127,-13.996484756469727,-6375.0,nan,0.0,0.0,0.0,525313,387910
1748545574748.8186,1.0293036699295044,-0.08620289713144302,0.08684460073709488,-41140.0,-5164.0,-7273.0,-44372.0,-0.4331437349319458,-12.94229507446289,-13.27779483795166,-13.996623992919922,-6279.0,nan,0.0,0.0,0.0,525313,388011
1748545574848.8223,1.0290576219558716,-0.0862053707242012,0.08465787023305893,-41146.0,-5224.0,-7323.0,-44407.0,-0.4365038275718689,-12.94271469116211,-13.278109550476074,-13.995874404907227,-6316.0,nan,0.0,0.0,0.0,525313,388111
1748545574948.8909,1.0308533906936646,-0.08620475232601166,0.08778177201747894,-41168.0,-5221.0,-7389.0,-44413.0,-0.4569697082042694,-12.942557334899902,-13.276869773864746,-13.99575138092041,-6272.0,nan,0.0,0.0,0.0,525313,388212
1748545575050.3308,1.0304397344589233,-0.08620289713144302,0.08809416741132736,-41147.0,-5200.0,-7263.0,-44355.0,-0.48354482650756836,-12.942818641662598,-13.277585983276367,-13.996170997619629,-6286.0,nan,0.0,0.0,0.0,525313,388313
1748545575150.589,1.0294135808944702,-0.08620401471853256,0.08247113227844238,-41149.0,-5189.0,-7292.0,-44396.0,-0.48873764276504517,-12.943063735961914,-13.27694034576416,-13.99632740020752,-6269.0,nan,0.0,0.0,0.0,525313,388413
1748545575251.6836,1.0290837287902832,-0.0862032100558281,0.07466136664152145,-41174.0,-5230.0,-7375.0,-44352.0,-0.49087586998939514,-12.942452430725098,-13.277725219726562,-13.996764183044434,-6163.0,nan,0.0,0.0,0.0,525313,388515
1748545575351.6826,1.0328953266143799,-0.08620252460241318,0.07809766381978989,-41205.0,-5203.0,-7353.0,-44347.0,-0.361054927110672,-12.941842079162598,-13.277777671813965,-13.996397972106934,-6241.0,nan,0.0,0.0,0.0,525313,388615
1748545575453.0928,1.0336387157440186,-0.08620308339595795,0.08653221279382706,-41180.0,-5124.0,-7396.0,-44349.0,-0.2113790363073349,-12.942155838012695,-13.277481079101562,-13.996030807495117,-6225.0,nan,0.0,0.0,0.0,525313,388716
1748545575553.9207,1.0288010835647583,-0.08620475232601166,0.0827835202217102,-41168.0,-5237.0,-7376.0,-44391.0,-0.28957706689834595,-12.942853927612305,-13.277777671813965,-13.995856285095215,-6177.0,nan,0.0,0.0,0.0,525313,388817
1748545575654.2798,1.0297905206680298,-0.08620351552963257,0.07903483510017395,-41158.0,-5188.0,-7316.0,-44371.0,-0.1735018640756607,-12.942365646362305,-13.27730655670166,-13.996467590332031,-6130.0,nan,0.0,0.0,0.0,525313,388917
1748545575756.2273,1.030089020729065,-0.0862063616514206,0.08247113227844238,-41144.0,-5287.0,-7288.0,-44357.0,-0.147843137383461,-12.942644119262695,-13.277271270751953,-13.995891571044922,-6147.0,nan,0.0,0.0,0.0,525313,389019
1748545575856.559,1.0329161882400513,-0.08620555698871613,0.06810116022825241,-41161.0,-5193.0,-7261.0,-44355.0,-0.1117987409234047,-12.9420166015625,-13.277341842651367,-13.996747016906738,-6151.0,nan,0.0,0.0,0.0,525313,389120
1748545575956.7917,1.034000039100647,-0.0862048789858818,0.07997200638055801,-41174.0,-5241.0,-7310.0,-44353.0,-0.04245908185839653,-12.9423828125,-13.27694034576416,-13.996188163757324,-6156.0,nan,0.0,0.0,0.0,525313,389220
1748545576057.322,1.0341517925262451,-0.08620332926511765,0.08247113227844238,-41172.0,-5180.0,-7313.0,-44355.0,-0.036655325442552567,-12.94205093383789,-13.277445793151855,-13.995978355407715,-6140.0,nan,0.0,0.0,0.0,525313,389321
1748545576158.007,1.0323717594146729,-0.0862048789858818,0.08528264611959457,-41205.0,-5157.0,-7309.0,-44372.0,-0.02749149315059185,-12.942662239074707,-13.276992797851562,-13.996345520019531,-6156.0,nan,0.0,0.0,0.0,525313,389422
1748545576258.643,1.030418872833252,-0.08620444685220718,0.0768480971455574,-41144.0,-5153.0,-7298.0,-44368.0,-0.041848160326480865,-12.942313194274902,-13.27718448638916,-13.99620532989502,-6210.0,nan,0.0,0.0,0.0,525313,389523
1748545576359.8447,1.030455470085144,-0.08620401471853256,0.07809766381978989,-41170.0,-5159.0,-7309.0,-44382.0,-0.029935181140899658,-12.941981315612793,-13.277952194213867,-13.99632740020752,-6196.0,nan,0.0,0.0,0.0,525313,389623
1748545576459.0847,1.032047152519226,-0.08620549738407135,0.07903483510017395,-41118.0,-5281.0,-7398.0,-44366.0,-0.04093177989125252,-12.942923545837402,-13.277341842651367,-13.996850967407227,-6208.0,nan,0.0,0.0,0.0,525313,389723
1748545576560.2354,1.0308796167373657,-0.08620376139879227,0.08778177201747894,-41182.0,-5198.0,-7319.0,-44366.0,-0.02474234439432621,-12.942522048950195,-13.277463912963867,-13.99583911895752,-6224.0,nan,0.0,0.0,0.0,525313,389824
1748545576661.5925,1.030476450920105,-0.0862061157822609,0.07872244715690613,-41158.0,-5219.0,-7316.0,-44370.0,-0.036349862813949585,-12.943028450012207,-13.277585983276367,-13.996345520019531,-6195.0,nan,0.0,0.0,0.0,525313,389925
1748545576762.7043,1.0312565565109253,-0.08620506525039673,0.08215874433517456,-41162.0,-5156.0,-7343.0,-44397.0,-0.02199319377541542,-12.9422607421875,-13.277498245239258,-13.996030807495117,-6195.0,nan,0.0,0.0,0.0,525313,390026
1748545576863.2637,1.0324031114578247,-0.08620388805866241,0.08497025817632675,-41207.0,-5211.0,-7325.0,-44389.0,-0.04001539573073387,-12.94287109375,-13.277952194213867,-13.996397972106934,-6284.0,nan,0.0,0.0,0.0,525313,390127
1748545576964.2524,1.0313507318496704,-0.08620549738407135,0.08153396099805832,-41176.0,-5210.0,-7282.0,-44378.0,-0.028407875448465347,-12.942103385925293,-13.27718448638916,-13.996816635131836,-6240.0,nan,0.0,0.0,0.0,525313,390228
1748545577064.4062,1.0298272371292114,-0.08620370179414749,0.07997200638055801,-41181.0,-5253.0,-7298.0,-44390.0,-0.0360444001853466,-12.942086219787598,-13.277498245239258,-13.995402336120605,-6201.0,nan,0.0,0.0,0.0,525313,390328
1748545577165.065,1.0302094221115112,-0.08620394766330719,0.0752861499786377,-41151.0,-5210.0,-7218.0,-44392.0,-0.03970993310213089,-12.942243576049805,-13.277899742126465,-13.99583911895752,-6224.0,nan,0.0,0.0,0.0,525313,390429
1748545577265.8586,1.0306596755981445,-0.08620345592498779,0.07965961843729019,-41169.0,-5162.0,-7361.0,-44375.0,-0.03024064190685749,-12.942208290100098,-13.277149200439453,-13.995856285095215,-6257.0,nan,0.0,0.0,0.0,525313,390530
1748545577367.306,1.0290628671646118,-0.08620289713144302,0.08590742945671082,-41188.0,-5243.0,-7280.0,-44359.0,-0.03543347865343094,-12.942626953125,-13.27709674835205,-13.996152877807617,-6253.0,nan,0.0,0.0,0.0,525313,390631
1748545577466.3386,1.0280733108520508,-0.08620419353246689,0.08996850997209549,-41176.0,-5211.0,-7267.0,-44372.0,-0.02077135071158409,-12.942540168762207,-13.27751636505127,-13.995925903320312,-6194.0,nan,0.0,0.0,0.0,525313,390731
1748545577567.6094,1.031554937362671,-0.08620345592498779,0.07903483510017395,-41178.0,-5301.0,-7291.0,-44375.0,-0.026880571618676186,-12.941998481750488,-13.27812671661377,-13.996537208557129,-6184.0,nan,0.0,0.0,0.0,525313,390832
1748545577668.4866,1.032047152519226,-0.08620370179414749,0.08434547483921051,-41196.0,-5154.0,-7301.0,-44356.0,-0.029324259608983994,-12.94287109375,-13.277271270751953,-13.995786666870117,-6152.0,nan,0.0,0.0,0.0,525313,390933
1748545577770.1672,1.030031442642212,-0.08620580285787582,0.08309591561555862,-41203.0,-5257.0,-7270.0,-44385.0,-0.037571705877780914,-12.942418098449707,-13.278109550476074,-13.996240615844727,-6151.0,nan,0.0,0.0,0.0,525313,391034
1748545577870.2585,1.0318219661712646,-0.08620394766330719,0.08590742945671082,-41177.0,-5305.0,-7327.0,-44428.0,-0.025047805160284042,-12.942540168762207,-13.27800464630127,-13.996676445007324,-6143.0,nan,0.0,0.0,0.0,525313,391135
1748545577971.7498,1.0305445194244385,-0.08620499819517136,0.07341179996728897,-41140.0,-5283.0,-7352.0,-44346.0,-0.041848160326480865,-12.942452430725098,-13.277777671813965,-13.996833801269531,-6132.0,nan,0.0,0.0,0.0,525313,391236
1748545578071.7534,1.0307643413543701,-0.0862051248550415,0.09278002381324768,-41157.0,-5222.0,-7266.0,-44376.0,-0.03726624697446823,-12.942679405212402,-13.277201652526855,-13.996135711669922,-6099.0,nan,0.0,0.0,0.0,525313,391336
1748545578172.4802,1.0306859016418457,-0.08620289713144302,0.07372419536113739,-41140.0,-5171.0,-7279.0,-44389.0,-0.033600714057683945,-12.942086219787598,-13.277498245239258,-13.99716567993164,-6138.0,nan,0.0,0.0,0.0,525313,391437
1748545578273.1758,1.0296282768249512,-0.08620394766330719,0.07903483510017395,-41143.0,-5168.0,-7254.0,-44389.0,-0.031157026067376137,-12.9422607421875,-13.278162002563477,-13.996066093444824,-6217.0,nan,0.0,0.0,0.0,525313,391538
1748545578372.7346,1.0304816961288452,-0.08620388805866241,0.08497025817632675,-41148.0,-5197.0,-7284.0,-44392.0,-0.02749149315059185,-12.941842079162598,-13.277271270751953,-13.996362686157227,-6127.0,nan,0.0,0.0,0.0,525313,391638
1748545578473.1511,1.0283141136169434,-0.08620289713144302,0.07591092586517334,-41168.0,-5181.0,-7283.0,-44402.0,-0.03543347865343094,-12.941946029663086,-13.277498245239258,-13.996345520019531,-6055.0,nan,0.0,0.0,0.0,525313,391738
1748545578573.7559,1.0290733575820923,-0.08620444685220718,0.08746938407421112,-41150.0,-5303.0,-7301.0,-44362.0,-0.027796953916549683,-12.942679405212402,-13.277603149414062,-13.996257781982422,-6082.0,nan,0.0,0.0,0.0,525313,391839
1748545578674.0103,1.0280680656433105,-0.08620364218950272,0.08403308689594269,-41160.0,-5198.0,-7342.0,-44376.0,-0.03573894128203392,-12.9427490234375,-13.277603149414062,-13.997200012207031,-6139.0,nan,0.0,0.0,0.0,525313,391939
1748545578775.013,1.0277591943740845,-0.08620419353246689,0.07716049253940582,-41164.0,-5115.0,-7259.0,-44401.0,-0.02626964822411537,-12.942540168762207,-13.277132034301758,-13.996711730957031,-6119.0,nan,0.0,0.0,0.0,525313,392040
1748545578875.1646,1.0292460918426514,-0.08620357513427734,0.0752861499786377,-41157.0,-5162.0,-7262.0,-44364.0,-0.0326843298971653,-12.942069053649902,-13.277376174926758,-13.996397972106934,-6209.0,nan,0.0,0.0,0.0,525313,392140
1748545578975.4255,1.0271204710006714,-0.08620308339595795,0.088718943297863,-41157.0,-5228.0,-7257.0,-44363.0,-0.027796953916549683,-12.942208290100098,-13.277987480163574,-13.996537208557129,-6159.0,nan,0.0,0.0,0.0,525313,392241
1748545579076.9246,1.030125617980957,-0.08620326966047287,0.07903483510017395,-41146.0,-5219.0,-7255.0,-44377.0,-0.028407875448465347,-12.9420166015625,-13.277411460876465,-13.996170997619629,-6131.0,nan,0.0,0.0,0.0,525313,392342
1748545579176.939,1.0290261507034302,-0.08620314300060272,0.07747288048267365,-41141.0,-5250.0,-7320.0,-44394.0,-0.029324259608983994,-12.942208290100098,-13.277620315551758,-13.995891571044922,-6102.0,nan,0.0,0.0,0.0,525313,392442
1748545579371.8052,1.0296335220336914,-0.0862046331167221,0.0768480971455574,-41187.0,-5218.0,-7365.0,-44365.0,-0.03329525142908096,-12.942626953125,-13.277463912963867,-13.996379852294922,-6124.0,nan,0.0,0.0,0.0,525313,392543
1748545579377.4358,1.0301884412765503,-0.08620549738407135,0.0871569886803627,-41197.0,-5155.0,-7253.0,-44387.0,-0.03176794573664665,-12.942347526550293,-13.277585983276367,-13.996659278869629,-6186.0,nan,0.0,0.0,0.0,525313,392643
1748545579478.0002,1.028963327407837,-0.0862029641866684,0.07997200638055801,-41167.0,-5264.0,-7267.0,-44431.0,-0.029324259608983994,-12.942399978637695,-13.277585983276367,-13.996310234069824,-6165.0,nan,0.0,0.0,0.0,525313,392744
1748545579580.0466,1.0322827100753784,-0.08620357513427734,0.07841005176305771,-41158.0,-5181.0,-7259.0,-44366.0,-0.02596418745815754,-12.943063735961914,-13.277585983276367,-13.99632740020752,-6099.0,nan,0.0,0.0,0.0,525313,392845
1748545579680.049,1.0292513370513916,-0.08620456606149673,0.08684460073709488,-41164.0,-5204.0,-7275.0,-44372.0,-0.033600714057683945,-12.942626953125,-13.277742385864258,-13.996223449707031,-6206.0,nan,0.0,0.0,0.0,525313,392946
1748545579781.1606,1.0305863618850708,-0.0862048789858818,0.08903133869171143,-41166.0,-5178.0,-7333.0,-44398.0,-0.03573894128203392,-12.942540168762207,-13.277393341064453,-13.996432304382324,-6129.0,nan,0.0,0.0,0.0,525313,393047
1748545579882.0327,1.0244345664978027,-0.08620493859052658,0.0709126815199852,-41174.0,-5193.0,-7259.0,-44372.0,-0.021076811477541924,-12.942574501037598,-13.277865409851074,-13.996798515319824,-6156.0,nan,0.0,0.0,0.0,525313,393148
1748545579983.311,1.0292041301727295,-0.08620630204677582,0.07778527587652206,-41153.0,-5161.0,-7268.0,-44370.0,-0.040320854634046555,-12.942731857299805,-13.27694034576416,-13.996223449707031,-6263.0,nan,0.0,0.0,0.0,525313,393249
1748545580084.7378,1.030010461807251,-0.0862024649977684,0.08372069150209427,-41192.0,-5190.0,-7244.0,-44378.0,-0.036349862813949585,-12.942243576049805,-13.278528213500977,-13.996520042419434,-6287.0,nan,0.0,0.0,0.0,525313,393350
1748545580185.5696,1.0325812101364136,-0.08620413392782211,0.08465787023305893,-41181.0,-5178.0,-7227.0,-44380.0,-0.029324259608983994,-12.942644119262695,-13.276782989501953,-13.996223449707031,-6259.0,nan,0.0,0.0,0.0,525313,393451
1748545580285.827,1.0336859226226807,-0.0862046331167221,0.085595041513443,-41198.0,-5249.0,-7338.0,-44366.0,-0.02443688176572323,-12.942767143249512,-13.277323722839355,-13.997025489807129,-6226.0,nan,0.0,0.0,0.0,525313,393551
1748545580385.4966,1.031193733215332,-0.08620413392782211,0.088718943297863,-41179.0,-5140.0,-7367.0,-44356.0,-0.037877168506383896,-12.942033767700195,-13.277359008789062,-13.996135711669922,-6225.0,nan,0.0,0.0,0.0,525313,393652
1748545580486.3364,1.0307015180587769,-0.08620401471853256,0.08809416741132736,-41170.0,-5187.0,-7359.0,-44371.0,-0.028102414682507515,-12.942626953125,-13.276800155639648,-13.995315551757812,-6245.0,nan,0.0,0.0,0.0,525313,393752
1748545580586.8481,1.031445026397705,-0.08620413392782211,0.07778527587652206,-41210.0,-5201.0,-7342.0,-44418.0,-0.03390617296099663,-12.941823959350586,-13.277376174926758,-13.996379852294922,-6212.0,nan,0.0,0.0,0.0,525313,393853
1748545580687.6091,1.0294398069381714,-0.08620623499155045,0.08215874433517456,-41165.0,-5183.0,-7251.0,-44333.0,-0.03329525142908096,-12.942487716674805,-13.27718448638916,-13.996886253356934,-6173.0,nan,0.0,0.0,0.0,525313,393954
1748545580789.254,1.0315601825714111,-0.08620580285787582,0.08372069150209427,-41169.0,-5287.0,-7253.0,-44388.0,-0.03726624697446823,-12.941981315612793,-13.277079582214355,-13.99632740020752,-6214.0,nan,0.0,0.0,0.0,525313,394055
1748545580888.6272,1.0299005508422852,-0.08620444685220718,0.08090917766094208,-41171.0,-5218.0,-7245.0,-44398.0,-0.034822557121515274,-12.942138671875,-13.277585983276367,-13.996135711669922,-6201.0,nan,0.0,0.0,0.0,525313,394155
1748545580989.8337,1.0290523767471313,-0.08620506525039673,0.07965961843729019,-41173.0,-5226.0,-7229.0,-44363.0,-0.025658726692199707,-12.9422607421875,-13.27718448638916,-13.996415138244629,-6218.0,nan,0.0,0.0,0.0,525313,394256
1748545581091.1748,1.0304712057113647,-0.08620475232601166,0.08497025817632675,-41160.0,-5217.0,-7271.0,-44367.0,-0.028407875448465347,-12.942033767700195,-13.277567863464355,-13.995874404907227,-6226.0,nan,0.0,0.0,0.0,525313,394357
1748545581191.2742,1.0314712524414062,-0.08620364218950272,0.07591092586517334,-41158.0,-5185.0,-7350.0,-44374.0,-0.036349862813949585,-12.942644119262695,-13.277167320251465,-13.995647430419922,-6249.0,nan,0.0,0.0,0.0,525313,394458
1748545581291.6333,1.0307695865631104,-0.08620592951774597,0.07716049253940582,-41160.0,-5179.0,-7332.0,-44358.0,-0.0326843298971653,-12.942818641662598,-13.277742385864258,-13.996728897094727,-6283.0,nan,0.0,0.0,0.0,525313,394558
1748545581392.0503,1.033225178718567,-0.08620302379131317,0.07903483510017395,-41155.0,-5127.0,-7353.0,-44355.0,-0.022298654541373253,-12.94189453125,-13.277411460876465,-13.995559692382812,-6269.0,nan,0.0,0.0,0.0,525313,394659
1748545581492.9739,1.0319633483886719,-0.0862032100558281,0.09184285253286362,-41151.0,-5226.0,-7339.0,-44419.0,-0.033600714057683945,-12.942138671875,-13.277009963989258,-13.996747016906738,-6254.0,nan,0.0,0.0,0.0,525313,394759
1748545581594.0374,1.033418893814087,-0.08620574325323105,0.07841005176305771,-41175.0,-5191.0,-7342.0,-44390.0,-0.029629720374941826,-12.942069053649902,-13.27721881866455,-13.996223449707031,-6259.0,nan,0.0,0.0,0.0,525313,394860
1748545581694.0603,1.0295811891555786,-0.08620351552963257,0.08653221279382706,-41199.0,-5228.0,-7268.0,-44391.0,-0.029324259608983994,-12.942435264587402,-13.277969360351562,-13.996537208557129,-6236.0,nan,0.0,0.0,0.0,525313,394961
1748545581795.0032,1.0303455591201782,-0.08620413392782211,0.0827835202217102,-41161.0,-5271.0,-7207.0,-44377.0,-0.022298654541373253,-12.942557334899902,-13.277969360351562,-13.996223449707031,-6267.0,nan,0.0,0.0,0.0,525313,395062
1748545581896.6885,1.033942461013794,-0.08620469272136688,0.08340830355882645,-41213.0,-5131.0,-7232.0,-44379.0,-0.034822557121515274,-12.94259262084961,-13.27767276763916,-13.997496604919434,-6290.0,nan,0.0,0.0,0.0,525313,395163
1748545581996.6086,1.0342826843261719,-0.08620444685220718,0.07434897869825363,-41196.0,-5174.0,-7245.0,-44414.0,-0.02901879884302616,-12.942487716674805,-13.27730655670166,-13.995664596557617,-6271.0,nan,0.0,0.0,0.0,525313,395263
1748545582095.642,1.0312983989715576,-0.08620531111955643,0.07778527587652206,-41224.0,-5234.0,-7228.0,-44356.0,-0.035128019750118256,-12.942487716674805,-13.277603149414062,-13.995874404907227,-6242.0,nan,0.0,0.0,0.0,525313,395363
1748545582198.217,1.0330157279968262,-0.08620450645685196,0.08090917766094208,-41166.0,-5189.0,-7276.0,-44383.0,-0.03848809003829956,-12.943150520324707,-13.27742862701416,-13.995978355407715,-6249.0,nan,0.0,0.0,0.0,525313,395465
1748545582297.8198,1.033821940422058,-0.08620302379131317,0.07903483510017395,-41149.0,-5235.0,-7275.0,-44393.0,-0.02749149315059185,-12.942399978637695,-13.277254104614258,-13.996257781982422,-6245.0,nan,0.0,0.0,0.0,525313,395565
1748545582397.8203,1.0337435007095337,-0.0862061157822609,0.088718943297863,-41178.0,-5221.0,-7254.0,-44364.0,-0.035128019750118256,-12.9422607421875,-13.27763843536377,-13.995769500732422,-6193.0,nan,0.0,0.0,0.0,525313,395665
1748545582498.8923,1.0333508253097534,-0.0862048789858818,0.07716049253940582,-41140.0,-5278.0,-7348.0,-44397.0,-0.03451709821820259,-12.942138671875,-13.277481079101562,-13.996554374694824,-6236.0,nan,0.0,0.0,0.0,525313,395766
1748545582599.7488,1.0321727991104126,-0.08620407432317734,0.08965611457824707,-41174.0,-5238.0,-7321.0,-44415.0,-0.036655325442552567,-12.94259262084961,-13.277201652526855,-13.996170997619629,-6286.0,nan,0.0,0.0,0.0,525313,395867
1748545582699.439,1.031612515449524,-0.08620357513427734,0.0812215730547905,-41165.0,-5240.0,-7245.0,-44385.0,-0.026880571618676186,-12.9425048828125,-13.277445793151855,-13.996520042419434,-6273.0,nan,0.0,0.0,0.0,525313,395967
1748545582800.8972,1.0290366411209106,-0.08620326966047287,0.07434897869825363,-41158.0,-5142.0,-7218.0,-44379.0,-0.031157026067376137,-12.9425048828125,-13.277044296264648,-13.996903419494629,-6191.0,nan,0.0,0.0,0.0,525313,396068
1748545582900.6492,1.0300052165985107,-0.08620426058769226,0.08965611457824707,-41156.0,-5192.0,-7338.0,-44378.0,-0.027186032384634018,-12.942155838012695,-13.27706241607666,-13.996676445007324,-6234.0,nan,0.0,0.0,0.0,525313,396168
1748545583001.3733,1.0291517972946167,-0.0862053707242012,0.08153396099805832,-41185.0,-5142.0,-7366.0,-44405.0,-0.031157026067376137,-12.94259262084961,-13.277271270751953,-13.996274948120117,-6209.0,nan,0.0,0.0,0.0,525313,396269
1748545583102.3684,1.032570719718933,-0.08620493859052658,0.08403308689594269,-41179.0,-5277.0,-7328.0,-44385.0,-0.02596418745815754,-12.94259262084961,-13.277567863464355,-13.995944023132324,-6192.0,nan,0.0,0.0,0.0,525313,396370
1748545583202.0554,1.034717321395874,-0.08620407432317734,0.085595041513443,-41223.0,-5242.0,-7354.0,-44384.0,-0.02901879884302616,-12.942609786987305,-13.27776050567627,-13.996432304382324,-6171.0,nan,0.0,0.0,0.0,525313,396470
1748545583302.1814,1.031554937362671,-0.08620314300060272,0.08465787023305893,-41175.0,-5230.0,-7224.0,-44412.0,-0.031157026067376137,-12.942784309387207,-13.27800464630127,-13.99632740020752,-6173.0,nan,0.0,0.0,0.0,525313,396570
1748545583403.7542,1.032214641571045,-0.08620444685220718,0.08528264611959457,-41171.0,-5210.0,-7258.0,-44369.0,-0.036655325442552567,-12.942347526550293,-13.277742385864258,-13.996798515319824,-6208.0,nan,0.0,0.0,0.0,525313,396671
1748545583504.116,1.032853364944458,-0.08620302379131317,0.07060028612613678,-41173.0,-5181.0,-7261.0,-44341.0,-0.02901879884302616,-12.942557334899902,-13.276747703552246,-13.996013641357422,-6214.0,nan,0.0,0.0,0.0,525313,396772
1748545583604.722,1.034230351448059,-0.0862053707242012,0.08372069150209427,-41180.0,-5153.0,-7273.0,-44382.0,-0.02901879884302616,-12.942784309387207,-13.277690887451172,-13.996642112731934,-6282.0,nan,0.0,0.0,0.0,525313,396872
1748545583705.2048,1.0309947729110718,-0.08620450645685196,0.07841005176305771,-41183.0,-5198.0,-7284.0,-44373.0,-0.03176794573664665,-12.941981315612793,-13.277341842651367,-13.996869087219238,-6238.0,nan,0.0,0.0,0.0,525313,396973
1748545583806.2095,1.0296282768249512,-0.08620147407054901,0.06810116022825241,-41165.0,-5222.0,-7312.0,-44411.0,-0.02901879884302616,-12.942208290100098,-13.277167320251465,-13.996100425720215,-6135.0,nan,0.0,0.0,0.0,525313,397074
1748545583907.3286,1.0311518907546997,-0.08620388805866241,0.08809416741132736,-41171.0,-5209.0,-7276.0,-44376.0,-0.028102414682507515,-12.942522048950195,-13.276869773864746,-13.996135711669922,-6196.0,nan,0.0,0.0,0.0,525313,397175
1748545584007.827,1.0322827100753784,-0.08620289713144302,0.08497025817632675,-41146.0,-5206.0,-7302.0,-44389.0,-0.034822557121515274,-12.94259262084961,-13.27837085723877,-13.996170997619629,-6159.0,nan,0.0,0.0,0.0,525313,397275
1748545584107.6174,1.0336021184921265,-0.08620394766330719,0.08996850997209549,-41173.0,-5184.0,-7275.0,-44385.0,-0.030851563438773155,-12.942399978637695,-13.276835441589355,-13.996520042419434,-6186.0,nan,0.0,0.0,0.0,525313,397376
1748545584208.8945,1.0329476594924927,-0.0862029641866684,0.08184634894132614,-41192.0,-5291.0,-7362.0,-44379.0,-0.03298979252576828,-12.941998481750488,-13.277236938476562,-13.996152877807617,-6285.0,nan,0.0,0.0,0.0,525313,397477
1748545584309.0195,1.02902090549469,-0.08620116859674454,0.08309591561555862,-41187.0,-5230.0,-7359.0,-44380.0,-0.0326843298971653,-12.942662239074707,-13.27779483795166,-13.997113227844238,-6224.0,nan,0.0,0.0,0.0,525313,397577
1748545584409.8955,1.031638741493225,-0.08620345592498779,0.07903483510017395,-41153.0,-5212.0,-7223.0,-44368.0,-0.032378870993852615,-12.942469596862793,-13.27755069732666,-13.995821952819824,-6195.0,nan,0.0,0.0,0.0,525313,397678
1748545584512.56,1.0347486734390259,-0.0862056165933609,0.09121806919574738,-41165.0,-5218.0,-7273.0,-44387.0,-0.02901879884302616,-12.942138671875,-13.277463912963867,-13.996572494506836,-6183.0,nan,0.0,0.0,0.0,525313,397780
1748545584612.5027,1.0300523042678833,-0.08620531111955643,0.08934372663497925,-41187.0,-5171.0,-7195.0,-44377.0,-0.03573894128203392,-12.9422607421875,-13.27706241607666,-13.995576858520508,-6283.0,nan,0.0,0.0,0.0,525313,397881
1748545584712.9312,1.031602144241333,-0.08620252460241318,0.07778527587652206,-41165.0,-5147.0,-7272.0,-44366.0,-0.032073408365249634,-12.941737174987793,-13.278179168701172,-13.996520042419434,-6254.0,nan,0.0,0.0,0.0,525313,397981
1748545584812.6902,1.028853416442871,-0.08620407432317734,0.08965611457824707,-41173.0,-5196.0,-7237.0,-44374.0,-0.03970993310213089,-12.941842079162598,-13.276905059814453,-13.996467590332031,-6351.0,nan,0.0,0.0,0.0,525313,398081
1748545584913.048,1.0313926935195923,-0.0862051248550415,0.0827835202217102,-41142.0,-5113.0,-7266.0,-44371.0,-0.03329525142908096,-12.942452430725098,-13.27742862701416,-13.996362686157227,-6339.0,nan,0.0,0.0,0.0,525313,398181
1748545585013.7512,1.02998948097229,-0.0862046331167221,0.07872244715690613,-41172.0,-5178.0,-7246.0,-44351.0,-0.03879355266690254,-12.942399978637695,-13.277987480163574,-13.99575138092041,-6243.0,nan,0.0,0.0,0.0,525313,398282
1748545585114.042,1.0313193798065186,-0.08620364218950272,0.07809766381978989,-41176.0,-5282.0,-7281.0,-44404.0,-0.036349862813949585,-12.942399978637695,-13.277341842651367,-13.996467590332031,-6236.0,nan,0.0,0.0,0.0,525313,398382
1748545585213.8416,1.0288952589035034,-0.08620506525039673,0.08372069150209427,-41169.0,-5144.0,-7322.0,-44346.0,-0.03848809003829956,-12.942644119262695,-13.27767276763916,-13.996345520019531,-6235.0,nan,0.0,0.0,0.0,525313,398483
1748545585315.2957,1.03037691116333,-0.08620370179414749,0.0827835202217102,-41192.0,-5167.0,-7423.0,-44384.0,-0.039099011570215225,-12.942818641662598,-13.277411460876465,-13.996379852294922,-6300.0,nan,0.0,0.0,0.0,525313,398584
1748545585416.7593,1.0270627737045288,-0.08620456606149673,0.08059678971767426,-41163.0,-5195.0,-7308.0,-44407.0,-0.03176794573664665,-12.942399978637695,-13.277690887451172,-13.996100425720215,-6356.0,nan,0.0,0.0,0.0,525313,398685
1748545585518.1362,1.0268690586090088,-0.08620401471853256,0.08778177201747894,-41180.0,-5220.0,-7221.0,-44384.0,-0.03970993310213089,-12.942399978637695,-13.27776050567627,-13.996415138244629,-6280.0,nan,0.0,0.0,0.0,525313,398786
1748545585619.5242,1.0274502038955688,-0.0862061157822609,0.08746938407421112,-41139.0,-5179.0,-7264.0,-44402.0,-0.03390617296099663,-12.941876411437988,-13.277254104614258,-13.996572494506836,-6250.0,nan,0.0,0.0,0.0,525313,398887
1748545585718.9485,1.0284502506256104,-0.08620630204677582,0.08028439432382584,-41161.0,-5175.0,-7311.0,-44386.0,-0.03421163558959961,-12.942418098449707,-13.277359008789062,-13.996728897094727,-6207.0,nan,0.0,0.0,0.0,525313,398987
1748545585819.0872,1.027999997138977,-0.08620426058769226,0.07497375458478928,-41169.0,-5177.0,-7359.0,-44356.0,-0.027796953916549683,-12.942138671875,-13.27709674835205,-13.997113227844238,-6217.0,nan,0.0,0.0,0.0,525313,399088
1748545585920.629,1.0285601615905762,-0.08620580285787582,0.07965961843729019,-41167.0,-5209.0,-7210.0,-44386.0,-0.028102414682507515,-12.942626953125,-13.278301239013672,-13.996030807495117,-6288.0,nan,0.0,0.0,0.0,525313,399189
1748545586020.6526,1.0278533697128296,-0.0862024649977684,0.07466136664152145,-41138.0,-5244.0,-7234.0,-44388.0,-0.025353265926241875,-12.942435264587402,-13.277935028076172,-13.996537208557129,-6220.0,nan,0.0,0.0,0.0,525313,399290
1748545586121.785,1.0261204242706299,-0.08620525151491165,0.07309941202402115,-41160.0,-5297.0,-7191.0,-44353.0,-0.028102414682507515,-12.942679405212402,-13.276469230651855,-13.99632740020752,-6165.0,nan,0.0,0.0,0.0,525313,399391
1748545586222.2705,1.0264816284179688,-0.0862051248550415,0.09028089791536331,-41175.0,-5251.0,-7216.0,-44392.0,-0.03146248683333397,-12.942557334899902,-13.277708053588867,-13.996781349182129,-6163.0,nan,0.0,0.0,0.0,525313,399491
1748545586324.974,1.0271728038787842,-0.08620450645685196,0.08434547483921051,-41139.0,-5181.0,-7194.0,-44359.0,-0.02749149315059185,-12.9422607421875,-13.277725219726562,-13.996869087219238,-6075.0,nan,0.0,0.0,0.0,525313,399593
1748545586424.2036,1.0271518230438232,-0.08620432019233704,0.08028439432382584,-41149.0,-5166.0,-7173.0,-44343.0,-0.03879355266690254,-12.941946029663086,-13.27755069732666,-13.996415138244629,-6186.0,nan,0.0,0.0,0.0,525313,399693
1748545586524.972,1.026874303817749,-0.08620314300060272,0.07809766381978989,-41175.0,-5218.0,-7211.0,-44377.0,-0.02352049946784973,-12.942225456237793,-13.277167320251465,-13.996642112731934,-6167.0,nan,0.0,0.0,0.0,525313,399794
1748545586625.6162,1.0273926258087158,-0.08620549738407135,0.08309591561555862,-41178.0,-5256.0,-7198.0,-44394.0,-0.03451709821820259,-12.942487716674805,-13.27718448638916,-13.997008323669434,-6111.0,nan,0.0,0.0,0.0,525313,399894
1748545586726.1592,1.027397871017456,-0.08620456606149673,0.07153745740652084,-41152.0,-5219.0,-7178.0,-44380.0,-0.031157026067376137,-12.941981315612793,-13.277201652526855,-13.996118545532227,-6086.0,nan,0.0,0.0,0.0,525313,399995
1748545586826.2976,1.028020977973938,-0.08620351552963257,0.09028089791536331,-41180.0,-5257.0,-7307.0,-44394.0,-0.03146248683333397,-12.94180679321289,-13.27681827545166,-13.996623992919922,-6146.0,nan,0.0,0.0,0.0,525313,400095
1748545586927.0122,1.029235601425171,-0.08620481193065643,0.07216224074363708,-41162.0,-5182.0,-7278.0,-44383.0,-0.024131420999765396,-12.94229507446289,-13.277481079101562,-13.996030807495117,-6131.0,nan,0.0,0.0,0.0,525313,400196
1748545587027.5605,1.0280890464782715,-0.08620376139879227,0.08746938407421112,-41171.0,-5164.0,-7308.0,-44401.0,-0.03329525142908096,-12.942731857299805,-13.277167320251465,-13.995856285095215,-6132.0,nan,0.0,0.0,0.0,525313,400297
1748545587129.3223,1.029099464416504,-0.08620413392782211,0.0752861499786377,-41202.0,-5250.0,-7326.0,-44376.0,-0.032073408365249634,-12.942103385925293,-13.277271270751953,-13.996066093444824,-6187.0,nan,0.0,0.0,0.0,525313,400398
1748545587229.216,1.027691125869751,-0.08620450645685196,0.08309591561555862,-41191.0,-5177.0,-7221.0,-44389.0,-0.03879355266690254,-12.942662239074707,-13.277376174926758,-13.995944023132324,-6122.0,nan,0.0,0.0,0.0,525313,400499
1748545587330.6433,1.0299162864685059,-0.08620549738407135,0.088718943297863,-41170.0,-5139.0,-7213.0,-44378.0,-0.033600714057683945,-12.942662239074707,-13.277533531188965,-13.996833801269531,-6186.0,nan,0.0,0.0,0.0,525313,400600
1748545587430.8948,1.0297905206680298,-0.0862046331167221,0.08340830355882645,-41158.0,-5255.0,-7223.0,-44397.0,-0.02871333621442318,-12.942365646362305,-13.277132034301758,-13.995874404907227,-6229.0,nan,0.0,0.0,0.0,525313,400700
1748545587530.013,1.028963327407837,-0.08620481193065643,0.07872244715690613,-41175.0,-5186.0,-7250.0,-44362.0,-0.032378870993852615,-12.942975997924805,-13.277323722839355,-13.996781349182129,-6190.0,nan,0.0,0.0,0.0,525313,400800
1748545587631.2798,1.0287748575210571,-0.08620364218950272,0.08653221279382706,-41162.0,-5209.0,-7224.0,-44369.0,-0.022604117169976234,-12.943028450012207,-13.27730655670166,-13.996240615844727,-6143.0,nan,0.0,0.0,0.0,525313,400901
1748545587730.8916,1.029544472694397,-0.08620234578847885,0.09090568125247955,-41163.0,-5219.0,-7339.0,-44377.0,-0.029629720374941826,-12.942557334899902,-13.277393341064453,-13.996589660644531,-6205.0,nan,0.0,0.0,0.0,525313,401001
1748545587832.5752,1.0288952589035034,-0.08620617538690567,0.085595041513443,-41153.0,-5199.0,-7324.0,-44390.0,-0.03696078434586525,-12.942557334899902,-13.277149200439453,-13.997025489807129,-6241.0,nan,0.0,0.0,0.0,525313,401102
1748545587933.8374,1.0296545028686523,-0.0862053707242012,0.07716049253940582,-41131.0,-5201.0,-7379.0,-44373.0,-0.032073408365249634,-12.942435264587402,-13.276992797851562,-13.996623992919922,-6185.0,nan,0.0,0.0,0.0,525313,401203
1748545588034.2336,1.0298219919204712,-0.08620437979698181,0.08621981739997864,-41166.0,-5189.0,-7310.0,-44389.0,-0.032073408365249634,-12.9422607421875,-13.277114868164062,-13.996188163757324,-6172.0,nan,0.0,0.0,0.0,525313,401304
1748545588133.931,1.028602123260498,-0.08620351552963257,0.09059328585863113,-41182.0,-5287.0,-7198.0,-44373.0,-0.03726624697446823,-12.942767143249512,-13.277411460876465,-13.995681762695312,-6292.0,nan,0.0,0.0,0.0,525313,401404
1748545588236.581,1.030555009841919,-0.08620555698871613,0.07997200638055801,-41161.0,-5228.0,-7252.0,-44365.0,-0.030546102672815323,-12.942469596862793,-13.277567863464355,-13.996467590332031,-6214.0,nan,0.0,0.0,0.0,525313,401506
1748545588337.1765,1.0283560752868652,-0.08620506525039673,0.08184634894132614,-41175.0,-5196.0,-7161.0,-44424.0,-0.03329525142908096,-12.942487716674805,-13.277411460876465,-13.99596118927002,-6192.0,nan,0.0,0.0,0.0,525313,401607
1748545588436.7234,1.0317120552062988,-0.08620475232601166,0.07934722304344177,-41180.0,-5205.0,-7237.0,-44370.0,-0.03298979252576828,-12.942155838012695,-13.277935028076172,-13.996501922607422,-6194.0,nan,0.0,0.0,0.0,525313,401707
1748545588538.965,1.0296545028686523,-0.08620265126228333,0.07434897869825363,-41167.0,-5243.0,-7235.0,-44406.0,-0.03176794573664665,-12.94192886352539,-13.277445793151855,-13.996274948120117,-6200.0,nan,0.0,0.0,0.0,525313,401808
1748545588638.2998,1.028989553451538,-0.08620580285787582,0.08403308689594269,-41192.0,-5267.0,-7331.0,-44371.0,-0.021382272243499756,-12.942452430725098,-13.277167320251465,-13.995699882507324,-6156.0,nan,0.0,0.0,0.0,525313,401908
1748545588739.0842,1.0282880067825317,-0.08620437979698181,0.07778527587652206,-41181.0,-5139.0,-7280.0,-44389.0,-0.03146248683333397,-12.942033767700195,-13.277271270751953,-13.997218132019043,-6099.0,nan,0.0,0.0,0.0,525313,402009
