BackendTime,ch0sens,ch1sens,ch7sens
8.05709521484375,1.031641125679016,1.0096954107284546,0.2043129652738571
8.1574794921875,1.0316449403762815,1.009685754776001,0.1927011311054229
8.2581708984375,1.031652808189392,1.0097321271896362,0.2001658827066421
8.358198974609374,1.0316567420959473,1.0097631216049194,0.2004423588514328
8.458447509765625,1.0317347049713137,1.0097283124923706,0.1935305446386337
8.55987353515625,1.0316859483718872,1.009685754776001,0.2040364891290664
8.660962890625,1.031648874282837,1.0097379684448242,0.1962952762842178
8.760980712890625,1.0316859483718872,1.0096992254257202,0.195465862751007
8.862180419921875,1.031728744506836,1.0097224712371826,0.2026541382074356
8.963458740234374,1.0317755937576294,1.0097417831420898,0.2043129652738571
9.063249267578126,1.031682014465332,1.0097321271896362,0.1976776272058487
9.164767578125,1.0316780805587769,1.0097031593322754,0.1993364691734314
9.26523046875,1.031607985496521,1.009739875793457,0.2009952962398529
9.368451171875,1.0317522287368774,1.009701132774353,0.2068012207746505
9.4665859375,1.0316684246063232,1.0097088813781738,0.2079071104526519
9.5666279296875,1.0316801071166992,1.0096914768218994,0.2004423588514328
9.666633544921876,1.0317268371582031,1.0097205638885498,0.2051423788070678
9.7665732421875,1.0317209959030151,1.009766936302185,0.203760027885437
9.86802490234375,1.0316332578659058,1.0097495317459106,0.2081835716962814
9.969018798828126,1.0317015647888184,1.0097436904907229,0.2076306343078613
10.0700830078125,1.031652808189392,1.0097321271896362,0.20707768201828
10.17005810546875,1.0316859483718872,1.0097185373306274,0.2026541382074356
10.270327392578125,1.0316976308822632,1.009706974029541,0.2056953310966491
10.373525634765626,1.031652808189392,1.0096914768218994,0.2051423788070678
10.47421142578125,1.031648874282837,1.0096335411071775,0.1985070556402206
10.574770751953125,1.031623601913452,1.0097031593322754,0.2056953310966491
10.67566455078125,1.0316742658615112,1.0096837282180786,0.19823057949543
10.776507080078124,1.031643033027649,1.0097050666809082,0.2021011859178543
10.876720703125,1.031586527824402,1.0096914768218994,0.2004423588514328
10.97828759765625,1.0316001176834106,1.0096973180770874,0.2040364891290664
11.079233642578124,1.0316449403762815,1.0097534656524658,0.202930599451065
11.1779736328125,1.03162944316864,1.0096780061721802,0.2026541382074356
11.27915771484375,1.031641125679016,1.0097166299819946,0.2018247097730636
11.38075830078125,1.0317132472991943,1.0096935033798218,0.2004423588514328
11.48116796875,1.031586527824402,1.0096935033798218,0.1976776272058487
11.581558349609375,1.031607985496521,1.009679913520813,0.1971246898174286
11.682662353515624,1.0325981378555298,1.0097050666809082,0.19823057949543
11.7838203125,1.0343950986862185,1.0096625089645386,0.1998894065618515
11.88481689453125,1.035741925239563,1.0096992254257202,0.2001658827066421
11.98573046875,1.0370049476623535,1.0096721649169922,0.1949129104614257
12.08583251953125,1.0385777950286863,1.0097224712371826,0.2021011859178543
12.18637158203125,1.0389676094055176,1.0097495317459106,0.2015482485294342
12.28636181640625,1.0393048524856567,1.0097185373306274,0.1976776272058487
12.38637451171875,1.0399986505508425,1.009701132774353,0.20707768201828
12.48882568359375,1.0390455722808838,1.0097088813781738,0.20707768201828
12.59002587890625,1.0411564111709597,1.0096876621246338,0.2068012207746505
12.69036083984375,1.041764497756958,1.0096663236618042,0.2095659375190735
12.79038232421875,1.041214942932129,1.0096876621246338,0.2092894613742828
12.890112060546874,1.0396167039871216,1.009712815284729,0.2103953510522842
12.993014404296876,1.0401370525360107,1.0097205638885498,0.2087365239858627
13.092458984375,1.0421290397644043,1.0097088813781738,0.2159247994422912
13.193751220703126,1.0424154996871948,1.0097360610961914,0.2291954606771469
13.295345703125,1.0411174297332764,1.0097302198410034,0.2018247097730636
13.395703369140625,1.0416885614395142,1.0097205638885498,0.216754212975502
13.495552978515626,1.0435888767242432,1.0097650289535522,0.216754212975502
13.596505126953126,1.043481707572937,1.0096935033798218,0.2137130200862884
13.69822705078125,1.0444679260253906,1.0096760988235474,0.2023776620626449
13.797419921875,1.0442593097686768,1.0096973180770874,0.208460047841072
13.89776513671875,1.0450798273086548,1.009712815284729,0.2164777368307113
13.999381103515624,1.045185089111328,1.0096973180770874,0.1985070556402206
14.0991005859375,1.0450116395950315,1.0097166299819946,0.2466132193803787
14.200009033203125,1.042483687400818,1.0097031593322754,0.2197954058647155
14.300515625,1.0406827926635742,1.0097591876983645,0.2065247446298599
14.400846435546875,1.0404157638549805,1.009701132774353,0.2294719368219375
14.501860595703125,1.0403163433074951,1.0097302198410034,0.1877246350049972
14.603111572265625,1.0391566753387451,1.0097166299819946,0.2421896606683731
14.703251708984375,1.0360108613967896,1.009701132774353,0.2540779709815979
14.803666748046876,1.0354456901550293,1.0096935033798218,0.2330660820007324
14.904848876953125,1.034882426261902,1.0096780061721802,0.2059718072414398
15.00629150390625,1.0336525440216064,1.0096780061721802,0.2090130001306533
15.105863037109375,1.0325883626937866,1.009706974029541,0.2524191439151764
15.207027099609375,1.031648874282837,1.0097147226333618,0.1736245453357696
15.30739306640625,1.0317405462265017,1.0096760988235474,0.2466132193803787
15.4086298828125,1.031705379486084,1.0096992254257202,0.2540779709815979
15.50880810546875,1.0316390991210938,1.0097147226333618,0.2358307987451553
15.61011474609375,1.0316957235336304,1.0096760988235474,0.2197954058647155
15.71288232421875,1.0316801071166992,1.0096992254257202,0.2410837709903717
15.810731689453124,1.085246205329895,1.0096973180770874,0.2139894962310791
15.911634765625,1.1138681173324585,1.0096954107284546,0.2358307987451553
16.01148486328125,1.1701570749282837,1.009706974029541,0.2242189645767212
16.1124130859375,1.2475037574768066,1.0097302198410034,0.2192424684762954
16.213565673828125,1.3134989738464355,1.0097185373306274,0.2162012755870819
16.314035888671874,1.3363381624221802,1.0097109079360962,0.2203483581542968
16.41437744140625,1.342655062675476,1.0096702575683594,0.2341719716787338
16.51546142578125,1.377599835395813,1.0096876621246338,0.1974011659622192
16.61669873046875,1.4028459787368774,1.0097302198410034,0.2117777168750763
16.716872314453123,1.4061145782470703,1.0096837282180786,0.2446779161691665
16.817100341796873,1.4041733741760254,1.0097109079360962,0.2355543226003646
16.91837841796875,1.41446053981781,1.0097185373306274,0.2399778813123703
17.0184345703125,1.4266421794891355,1.0096992254257202,0.2303013503551483
17.119447998046876,1.4219098091125488,1.0097243785858154,0.227813109755516
17.220998291015626,1.4157137870788574,1.0096935033798218,0.1971246898174286
17.32241552734375,1.42527973651886,1.009706974029541,0.222283661365509
17.424552734375,1.4385782480239868,1.0096876621246338,0.2314072400331497
17.524711669921874,1.4365628957748413,1.009701132774353,0.1863422691822052
17.628035400390626,1.434705376625061,1.009734034538269,0.2358307987451553
17.7286669921875,1.4292773008346558,1.0096780061721802,0.2474426329135894
17.827421142578125,1.420065999031067,1.009706974029541,
17.927694091796877,1.413369059562683,1.0096566677093506,0.2538014948368072
18.027990478515626,1.4170644283294678,1.0096644163131714,0.2424661368131637
18.128738037109375,1.4118331670761108,1.0097262859344482,0.2444014400243759
18.228934326171874,1.410809874534607,1.0096780061721802,0.2363837361335754
18.32960400390625,1.4113303422927856,1.0097050666809082,0.2430190742015838
18.42994921875,1.4032728672027588,1.0097166299819946,0.2405308336019516
18.530277099609375,1.402547836303711,1.009658694267273,0.2275366336107254
18.631317626953123,1.4109970331192017,1.0097436904907229,0.2399778813123703
18.73158203125,1.4072294235229492,1.0097631216049194,0.231960192322731
18.831717041015626,1.414427399635315,1.0096818208694458,0.2391484677791595
18.93252587890625,1.4350601434707642,1.0097088813781738,0.26430743932724
19.03311181640625,1.439800262451172,1.0097031593322754,0.25601327419281
19.13411328125,1.450855374336243,1.0097321271896362,0.2502073645591736
19.2345556640625,1.469541072845459,1.0097417831420898,0.2394249439239502
19.334277587890625,1.5014491081237793,1.0096644163131714,0.2565662264823913
19.435801513671876,1.524294137954712,1.0097417831420898,0.2374896258115768
19.536982421875,1.5237970352172852,1.009712815284729,0.2568426728248596
19.637153564453126,1.560924768447876,1.0096760988235474,0.2770251631736755
19.7383994140625,1.5688867568969729,1.0097514390945437,0.2571191489696502
19.83852294921875,1.5581395626068115,1.009734034538269,0.2822781205177307
19.939512451171876,1.5748645067214966,1.009706974029541,0.2521426677703857
20.040999755859374,1.6060495376586914,1.0096895694732666,0.2535250186920166
20.1408466796875,1.6321299076080322,1.0097185373306274,0.2651368677616119
20.242233642578125,1.656699776649475,1.0096935033798218,0.2626486122608185
20.3425419921875,1.6871616840362549,1.0097631216049194,0.2847663760185241
20.442751953125,1.755382776260376,1.0096914768218994,0.2731545567512512
20.543997802734374,1.8020259141922,1.0097476243972778,0.2684545218944549
20.6462392578125,1.779617428779602,1.009734034538269,0.2759192585945129
20.7461279296875,1.7541042566299438,1.0096702575683594,0.2626486122608185
20.84636328125,1.7598345279693604,1.0096954107284546,0.2850428521633148
20.94630029296875,1.6214919090270996,1.009706974029541,0.2886369824409485
21.047298583984375,1.7226444482803345,1.0097436904907229,0.2850428521633148
21.148494873046875,1.7445518970489502,1.0097109079360962,0.3171136379241943
21.248635986328125,1.7748441696166992,1.0096663236618042,0.2889134585857391
21.34956005859375,1.7928457260131836,1.0097243785858154,0.286978155374527
21.45016455078125,1.8069939613342283,1.0096837282180786,0.3027370870113373
21.55404443359375,1.8682141304016116,1.0096547603607178,0.2919546663761139
21.651422607421875,1.921384572982788,1.0097436904907229,0.3135194778442383
21.75150390625,1.8947135210037231,1.0096392631530762,0.3126900792121887
21.8531376953125,1.8460863828659055,1.0096914768218994,0.3010782301425934
21.9541376953125,1.7938475608825684,1.0096702575683594,0.2969311475753784
22.054416748046876,1.8179477453231807,1.009712815284729,0.3256842792034149
22.155647705078124,1.7893959283828735,1.009647011756897,0.3110312521457672
22.25637548828125,1.7098097801208496,1.0096760988235474,0.2958252727985382
22.3570205078125,1.7653015851974487,1.0097185373306274,0.317390114068985
22.458310791015624,1.7730491161346436,1.0096818208694458,0.3273431062698364
22.559318115234376,1.772739291191101,1.0096818208694458,0.3395078778266907
22.658292724609375,1.7204498052597046,1.0097050666809082,0.3337019681930542
22.76090771484375,1.5900321006774902,1.0097109079360962,0.3284489810466766
22.862308349609375,1.7239131927490234,1.0096780061721802,0.305501788854599
22.96238232421875,1.7577801942825315,1.009706974029541,0.3348078429698944
23.06335791015625,1.7804847955703735,1.0096973180770874,0.3204312920570373
23.1649921875,1.7997260093688965,1.0096954107284546,0.3314901888370514
23.26705029296875,1.813365459442139,1.0097262859344482,0.3215371966361999
23.36727197265625,1.8648831844329836,1.0097553730010986,0.3223665952682495
23.466962890625,1.9423837661743164,1.0097224712371826,0.3563726842403412
23.568134521484374,1.9065501689910889,1.0096721649169922,0.3453137874603271
23.668446044921875,1.8725156784057615,1.0096683502197266,0.351119726896286
23.768964111328124,1.819610357284546,1.0096392631530762,0.3735139667987823
23.8704052734375,1.7880451679229736,1.0096992254257202,0.3613491952419281
23.97033349609375,1.7953717708587646,1.0096780061721802,0.373790442943573
24.06997509765625,1.76977276802063,1.009679913520813,0.3699198365211487
24.169330322265626,1.741540551185608,1.0097262859344482,0.3638374209403991
24.270240966796877,1.7207752466201782,1.009761095046997,0.3591374158859253
24.371164306640626,1.7604601383209229,1.0096683502197266,0.3466961681842804
24.472342041015626,1.7318401336669922,1.009650945663452,0.3425490856170654
24.573318115234375,1.689541578292847,1.0097050666809082,0.3663256764411926
24.674385498046874,1.619041919708252,1.009701132774353,0.3569256365299225
24.7752890625,1.7514164447784424,1.009706974029541,0.358584463596344
24.87526953125,1.8242607116699217,1.0096818208694458,0.3834669589996338
24.975418212890624,1.794455647468567,1.0097147226333618,0.317390114068985
25.07537548828125,1.7506563663482666,1.0096935033798218,0.358584463596344
25.176510986328125,1.726261854171753,1.0097302198410034,0.3757257461547851
25.2769189453125,1.6920539140701294,1.0096683502197266,0.3643903732299804
25.37830712890625,1.7815450429916382,1.0097417831420898,0.3718551397323608
25.47837109375,1.767695069313049,1.0096663236618042,0.3884434700012207
25.5780439453125,1.732526183128357,1.0096663236618042,0.3500138223171234
25.680823486328126,1.7288658618927002,1.0097553730010986,0.4100082814693451
25.78079833984375,1.729245901107788,1.009745717048645,0.4097318351268768
25.880760986328124,1.7237261533737185,1.0096837282180786,0.3945258557796478
25.982007080078127,1.7012008428573608,1.0097088813781738,0.3657727539539337
26.083209716796876,1.7011929750442505,1.0096683502197266,0.3746198415756225
26.1845732421875,1.5249568223953247,1.009701132774353,0.4296378195285797
26.28624951171875,1.689479112625122,1.0096566677093506,0.3624550700187683
26.385895751953125,1.7217127084732056,1.0097379684448242,0.3972905576229095
26.485936767578124,1.7471109628677368,1.0097205638885498,0.3721315860748291
26.585313720703127,1.7849267721176147,1.009712815284729,0.395631730556488
26.6872998046875,1.7986812591552734,1.0096663236618042,0.4644733071327209
26.788516357421877,1.8325130939483645,1.0097534656524658,0.3895493447780609
26.888255615234375,1.938189387321472,1.009619951248169,0.3884434700012207
26.98998828125,1.898258924484253,1.009679913520813,0.4174730479717254
27.090142333984375,1.8653041124343872,1.009712815284729,0.4860381484031677
27.190523681640624,1.8147414922714236,1.0096954107284546,0.4194083511829376
27.291602294921876,1.758228421211243,1.009712815284729,0.4254907369613647
27.3925986328125,1.7766218185424805,1.009734034538269,0.4249377846717834
27.49395703125,1.7737995386123655,1.0096818208694458,0.4196848273277282
27.593841552734375,1.7355901002883911,1.009650945663452,0.4434614181518554
27.69519775390625,1.7472532987594604,1.0097088813781738,0.4105612337589264
27.79389892578125,1.7214750051498413,1.0097283124923706,0.4155377447605133
27.895416748046873,1.7140685319900513,1.009685754776001,0.4199613034725189
27.995454833984375,1.7035045623779297,1.009706974029541,0.4166436195373535
28.095680419921877,1.7188671827316284,1.0097283124923706,0.4180260002613067
28.196781005859375,1.7024755477905271,1.0096973180770874,0.4094553589820862
28.29827392578125,1.6922448873519895,1.0096625089645386,0.4265966415405273
28.398531005859375,1.70981764793396,1.0096914768218994,0.4202377796173095
28.498340087890625,1.6991757154464722,1.0096780061721802,0.4174730479717254
28.599684326171875,1.770166516304016,1.0096606016159058,0.4105612337589264
28.70084375,1.7458480596542358,1.0096702575683594,0.4235554337501526
28.802334716796874,1.672226071357727,1.0097205638885498,0.4478849768638611
28.902386962890624,1.6418752670288086,1.0096644163131714,0.4606027007102966
29.002317138671874,1.8153009414672847,1.009701132774353,0.4354437291622162
29.10373876953125,1.8129562139511108,1.0097031593322754,0.4390378892421722
29.20243017578125,1.765042424201965,1.009701132774353,0.4359966814517975
29.30494287109375,1.7297974824905396,1.0096566677093506,0.4299142956733703
29.406283935546874,1.778067946434021,1.0096702575683594,0.4017141163349151
29.50740771484375,1.7410260438919067,1.0097205638885498,0.4354437291622162
29.608828857421877,1.764492750167847,1.0097243785858154,0.498202919960022
29.70888037109375,1.7525216341018677,1.0097283124923706,0.4279789924621582
29.81011376953125,1.7174715995788574,1.0096606016159058,0.4589438736438751
29.91148046875,1.7456316947937012,1.0096895694732666,0.4498202800750732
30.011202880859376,1.7360072135925293,1.009706974029541,0.4650262594223022
30.11305078125,1.741148829460144,1.0097050666809082,0.4780204594135284
30.212486328125,1.742579460144043,1.009658694267273,0.4860381484031677
30.31366748046875,1.7642782926559448,1.0097243785858154,0.452032059431076
30.414159912109376,1.7352957725524902,1.0096992254257202,0.4536909162998199
30.516535400390627,1.6946383714675903,1.0096895694732666,0.4719380736351013
30.615327392578124,1.6599937677383425,1.0096547603607178,0.4553497433662414
30.715377685546876,1.8128236532211304,1.009706974029541,0.4694498181343078
30.816954833984376,1.8197506666183472,1.009679913520813,0.490738183259964
30.918139892578125,1.7465301752090454,1.0096606016159058,0.4774675071239471
31.018145751953124,1.6490867137908936,1.0097476243972778,0.4813381135463714
31.11938916015625,1.8231322765350344,1.0096644163131714,0.4716615974903106
31.2194912109375,1.8250248432159424,1.0096954107284546,0.4661321640014648
31.31980615234375,1.804828643798828,1.0096914768218994,0.4686203896999359
31.421087890625,1.7830166816711426,1.0097109079360962,0.4885264039039612
31.521664306640623,1.7878814935684204,1.0096992254257202,0.4791263341903686
31.621834228515624,1.7511435747146606,1.0096935033798218,0.4802322387695312
31.72321142578125,1.7811514139175415,1.0097205638885498,0.4794028103351593
31.824020751953125,1.8222240209579468,1.0097262859344482,0.489908754825592
31.9246123046875,1.904677152633667,1.0096954107284546,0.4619850814342499
32.02629370117187,1.9038702249526975,1.009685754776001,0.5125795006752014
32.12736376953125,1.87647807598114,1.009768843650818,0.4719380736351013
32.22882568359375,1.8399683237075808,1.0096973180770874,0.5070500373840332
32.32893481445313,1.683095932006836,1.0096935033798218,0.5432679057121277
32.4289208984375,1.8467803001403809,1.009734034538269,0.5076029896736145
32.53037377929687,1.8700675964355469,1.009706974029541,0.5004147291183472
32.631228515625,1.8219588994979856,1.0097147226333618,0.4835498929023742
32.73289526367188,1.7080459594726562,1.0097050666809082,0.5125795006752014
32.834251708984375,1.8341346979141235,1.009712815284729,0.4841028451919555
32.93430908203125,1.802037596702576,1.009745717048645,0.5123029947280884
33.03433251953125,1.7732479572296145,1.0097514390945437,0.513408899307251
33.13433349609375,1.723722219467163,1.0096837282180786,0.5178324580192566
33.235500244140624,1.7395193576812744,1.0096973180770874,0.520044207572937
33.3355703125,1.7691588401794434,1.0097495317459106,0.5045617818832397
33.43676977539062,1.804060697555542,1.0096914768218994,0.520044207572937
33.53814794921875,1.8179283142089844,1.009679913520813,0.525297224521637
33.6382822265625,1.833296656608581,1.0097031593322754,0.5272325277328491
33.738328369140625,1.8892796039581297,1.0097417831420898,0.5217030644416809
33.83842724609375,1.971298098564148,1.009766936302185,0.5269560217857361
33.940469482421875,1.9280717372894287,1.009712815284729,0.5659386515617371
34.04230249023438,1.88419246673584,1.009739875793457,0.5761681199073792
34.14198291015625,1.8606244325637815,1.0096935033798218,0.558750331401825
34.2425146484375,1.814172387123108,1.0096683502197266,0.5507326722145081
34.343212890625,1.840985655784607,1.0096663236618042,0.5087088942527771
34.44474877929687,1.8342653512954712,1.0097224712371826,0.5402266979217529
34.5464287109375,1.8154666423797607,1.0097243785858154,0.5526679754257202
34.64643627929688,1.7923214435577393,1.0097224712371826,0.5695327520370483
34.74866162109375,1.7856147289276123,1.0097262859344482,0.5919269919395447
34.85039404296875,1.7925807237625122,1.0097147226333618,0.5358031392097473
34.9501103515625,1.7848039865493774,1.0097476243972778,0.5769975185394287
35.05044140625,1.7812196016311646,1.0097088813781738,0.5946917533874512
35.150286376953126,1.7759181261062622,1.0097283124923706,0.5305501818656921
35.25018115234375,1.7657889127731323,1.0096992254257202,0.516726553440094
35.350466796875,1.7742750644683838,1.009701132774353,0.5576444864273071
35.4519013671875,1.7562910318374634,1.009712815284729,0.5664915442466736
35.55447094726563,1.790693998336792,1.009745717048645,0.5474149584770203
35.65424365234375,1.7773994207382202,1.0097088813781738,0.5767210125923157
35.753875,1.7607855796813965,1.0096702575683594,0.5659386515617371
35.854397216796876,1.7692211866378784,1.0097379684448242,0.584185779094696
35.95681884765625,1.79298996925354,1.0096644163131714,0.5728504061698914
36.05697778320312,1.7932140827178955,1.0096606016159058,0.5736798644065857
36.15843481445312,1.8168251514434812,1.0097205638885498,0.5888858437538147
36.25810327148437,1.7615379095077517,1.0097088813781738,0.6132153868675232
36.358885498046874,1.6545578241348269,1.009685754776001,0.592756450176239
36.45944677734375,1.871472954750061,1.0097283124923706,0.6024329662322998
36.5603359375,1.8629887104034424,1.0097572803497314,0.6220625042915344
36.660926513671875,1.8362669944763184,1.0097321271896362,0.5393972992897034
36.76132250976563,1.7836287021636963,1.0096760988235474,0.6016035676002502
36.8621767578125,1.7093030214309692,1.0097224712371826,0.607685923576355
36.96328491210937,1.8464040756225584,1.0096663236618042,0.6051976680755615
37.06493310546875,1.877641677856445,1.009761095046997,0.5908211469650269
37.16479907226562,1.8635928630828855,1.0096721649169922,0.6024329662322998
37.26635205078125,1.848263502120972,1.0097185373306274,0.6134918332099915
37.366689208984376,1.835391879081726,1.0096935033798218,0.5971800088882446
37.46629443359375,1.76211678981781,1.0097514390945437,0.5974564552307129
37.56721997070313,1.8644368648529053,1.0097166299819946,0.6157036423683167
37.66862377929687,1.858825445175171,1.009712815284729,0.6322919726371765
37.76935522460938,1.813332319259644,1.009701132774353,0.6239978075027466
37.87096752929688,1.807787299156189,1.0097166299819946,0.5814210772514343
37.97162939453125,1.7481868267059326,1.0097417831420898,0.611280083656311
38.07276538085937,1.7935669422149658,1.0096837282180786,0.626209557056427
38.17433544921875,1.8032070398330688,1.0096760988235474,0.601050615310669
38.27444018554687,1.859156847000122,1.009701132774353,0.6118330359458923
38.37549243164062,1.936341643333435,1.0096914768218994,0.614321231842041
38.47778149414062,1.943958640098572,1.0097262859344482,0.6497097015380859
38.576842041015624,1.891489863395691,1.009652853012085,0.580868124961853
38.67781884765625,1.8836740255355835,1.009674072265625,0.6422449350357056
38.778206298828124,1.8631309270858765,1.0097166299819946,0.6613215208053589
38.87956494140625,1.8382784128189087,1.009706974029541,0.6665745377540588
38.981085205078124,1.832975029945373,1.0096992254257202,0.6353331208229065
39.081281494140626,1.8600786924362185,1.0097476243972778,0.6093447804450989
39.182152099609375,1.8352534770965576,1.0096935033798218,0.6303566694259644
39.28206201171875,1.825315237045288,1.0096973180770874,0.6378213763237
39.38378588867187,1.824941039085388,1.0096935033798218,0.6779098510742188
39.484719970703125,1.8001723289489746,1.0096837282180786,0.6267625093460083
39.584970703125,1.795408844947815,1.0096954107284546,0.6469449996948242
39.685580078125,1.771665334701538,1.0096818208694458,0.6568979620933533
39.78706298828125,1.810484766960144,1.0097031593322754,0.6604921221733093
39.88724951171875,1.8444530963897705,1.0097205638885498,0.6748687028884888
39.9888818359375,1.8355867862701416,1.009706974029541,0.6944981813430786
40.08891748046875,1.794329047203064,1.0097109079360962,0.6884158253669739
40.191396240234376,1.7782667875289917,1.009685754776001,0.6828863620758057
40.29075244140625,1.78774893283844,1.0096914768218994,0.6886922717094421
40.39111376953125,1.8610103130340576,1.0096992254257202,0.6679568886756897
40.49045239257813,1.8579601049423216,1.0097631216049194,0.6773568987846375
40.5914296875,1.6474592685699463,1.0097205638885498,0.6798451542854309
40.6915458984375,1.8080893754959104,1.0097379684448242,0.6721039414405823
40.79313916015625,1.9005684852600095,1.0096683502197266,0.653027355670929
40.90077368164062,1.9155198335647583,1.0097379684448242,0.6693392395973206
40.9943115234375,1.9125182628631592,1.0096683502197266,0.6629803776741028
41.094240966796875,1.8752950429916384,1.0097031593322754,0.6721039414405823
41.19683251953125,1.8684265613555908,1.0096837282180786,0.6991982460021973
41.29646728515625,1.8858336210250852,1.009706974029541,0.671550989151001
41.39785473632813,1.8623805046081543,1.0096683502197266,0.6765275001525879
41.49832983398438,1.858383059501648,1.0097243785858154,0.7456455826759338
41.599116455078125,1.8488034009933472,1.0096973180770874,0.6989217400550842
41.70100756835937,1.8493822813034055,1.0097321271896362,0.7185512781143188
41.80211474609375,1.833318114280701,1.0097417831420898,0.6690627336502075
41.90205541992187,1.824890375137329,1.0096606016159058,0.7099806666374207
42.00217553710937,1.814014554023743,1.0096914768218994,0.6969864368438721
42.1032216796875,1.8487273454666135,1.009739875793457,0.6967099905014038
42.203935546875,1.852157711982727,1.0097302198410034,0.7097041606903076
42.30651538085937,1.8370524644851685,1.0097050666809082,0.7066629528999329
42.40642431640625,1.8097071647644043,1.0096780061721802,0.7188277840614319
42.50730126953125,1.838348627090454,1.009701132774353,0.7279513478279114
42.608802734375,1.8574416637420652,1.0097302198410034,0.7146806716918945
42.70977587890625,1.8770277500152588,1.0096354484558103,0.7119159698486328
42.81020166015625,1.8664677143096924,1.0097147226333618,0.6862040162086487
42.91010009765625,1.8351502418518064,1.009685754776001,0.7276748418807983
43.0107451171875,1.808640956878662,1.009701132774353,0.6784628033638
43.11143188476562,1.822405219078064,1.0097262859344482,0.7674868702888489
43.21119970703125,1.9108108282089236,1.0097321271896362,0.6784628033638
43.31298388671875,1.8929301500320437,1.0097031593322754,0.7409455180168152
43.41412329101563,1.8397109508514404,1.009674072265625,0.7453690767288208
43.51532690429688,1.831992745399475,1.009685754776001,0.7437102794647217
43.61559692382812,1.773125171661377,1.0096625089645386,0.7376278638839722
43.71563549804687,1.9204021692276,1.0096566677093506,0.7229748368263245
43.81699829101562,1.908460259437561,1.0096683502197266,0.7265689969062805
43.91761596679687,1.904540777206421,1.0097534656524658,0.7387337684631348
44.01926953125,1.8612520694732664,1.0097495317459106,0.7550455927848816
44.1191748046875,1.861928343772888,1.0097031593322754,0.7296101450920105
44.220535400390624,1.86590838432312,1.0096954107284546,0.7113630175590515
44.321856201171876,1.8857731819152832,1.0097147226333618,0.7503455877304077
44.422048095703126,1.888232946395874,1.0097088813781738,0.7533867955207825
44.52212622070312,1.8438313007354736,1.0096954107284546,0.7224218845367432
44.62229223632813,1.834916353225708,1.0097224712371826,0.7365219593048096
44.7233818359375,1.8420323133468628,1.0096914768218994,0.7486867308616638
44.82489990234375,1.8792632818222048,1.0096837282180786,0.7533867955207825
44.926203125,1.8654289245605469,1.0096935033798218,0.7370749115943909
45.02650537109375,1.8869855403900144,1.009712815284729,0.7835222482681274
45.12890258789062,1.8437689542770384,1.009734034538269,0.7616809606552124
45.23039306640625,1.8092548847198489,1.009712815284729,0.7732927799224854
45.331281494140626,1.870022773742676,1.009701132774353,0.7683162689208984
45.43286328125,1.9114307165145876,1.0096818208694458,0.7630633115768433
45.532952880859376,1.904049515724182,1.0096935033798218,0.7489632368087769
45.63389770507813,1.871104598045349,1.0096818208694458,0.799834132194519
45.734411376953126,1.8501033782958984,1.0097185373306274,0.7708045244216919
45.8348349609375,1.87895929813385,1.009701132774353,0.750622034072876
45.93495092773438,1.874032020568848,1.0096780061721802,0.765828013420105
46.034402587890625,1.8936493396759035,1.009701132774353,0.7517279386520386
46.13797021484375,1.843581795692444,1.0097147226333618,0.7893281579017639
46.236948974609376,1.8512455224990845,1.0096935033798218,0.7647221684455872
46.337133544921876,1.8277554512023928,1.0096837282180786,0.8219518661499023
46.43807763671875,1.8515262603759768,1.0097417831420898,0.7879458069801331
46.538477294921876,1.874883770942688,1.009701132774353,0.8097870945930481
46.638455078125,1.8680659532547,1.009679913520813,0.7973458766937256
46.739042236328125,1.856151342391968,1.0097591876983645,0.7782692909240723
46.83972412109375,1.871231198310852,1.0096895694732666,0.8153165578842163
46.94275610351563,1.8610434532165527,1.009706974029541,0.7871164083480835
47.04442724609375,1.8712351322174072,1.0097185373306274,0.7871164083480835
47.1427958984375,1.8662865161895752,1.0097205638885498,0.8377107977867126
47.24321948242188,1.866259217262268,1.0096992254257202,0.8025988340377808
47.34365673828125,1.858114004135132,1.0097321271896362,0.8031517863273621
47.444919189453124,1.8507797718048096,1.0096780061721802,0.796239972114563
47.546263916015626,1.866680145263672,1.009706974029541,0.7746751308441162
47.64772607421875,1.8459304571151731,1.0096876621246338,0.8349460959434509
47.747393310546876,1.8547050952911377,1.0097321271896362,0.84489905834198
47.8489375,1.848965167999268,1.0096914768218994,0.8061929941177368
47.95008154296875,1.8653022050857544,1.009706974029541,0.8296931385993958
48.050833984375,1.8641542196273804,1.0096837282180786,0.8260989785194397
48.157291015625,1.87769627571106,1.009712815284729,0.8283107280731201
48.25780151367187,1.834988355636597,1.0097050666809082,0.8504285216331482
48.356455810546876,1.8687773942947388,1.0097050666809082,0.8216754198074341
48.45696240234375,1.85388457775116,1.0096914768218994,0.8194636702537537
48.55783178710937,1.862058997154236,1.0096935033798218,0.8410284519195557
48.65827905273437,1.8693387508392332,1.009679913520813,0.8413049578666687
48.758215087890626,1.8553814888000488,1.0096780061721802,0.826651930809021
48.85932641601563,1.8642263412475584,1.0096914768218994,0.8241636753082275
48.958260498046876,1.867701530456543,1.0096702575683594,0.8573403358459473
49.06041064453125,1.8704808950424197,1.0097417831420898,0.8708874583244324
49.160606689453125,1.8590457439422607,1.0096895694732666,0.8529167771339417
49.26052587890625,1.8703854084014893,1.0096721649169922,0.8241636753082275
49.36071020507813,1.8603379726409912,1.0096914768218994,
49.4610263671875,1.8744159936904907,1.0097379684448242,0.8161459565162659
49.561489013671874,1.86973237991333,1.0097147226333618,0.8612109422683716
49.66263232421875,1.8811968564987185,1.0096876621246338,
49.763362060546875,1.857858777046204,1.0096992254257202,0.8523638248443604
49.8648994140625,1.858478546142578,1.0096780061721802,0.8479402661323547
49.96575952148437,1.8758426904678345,1.0097302198410034,0.8822228312492371
50.06696630859375,1.8652340173721316,1.009739875793457,0.8529167771339417
50.166271484375,1.89235520362854,1.0097109079360962,0.8692286610603333
50.26902587890625,1.8798402547836304,1.0097166299819946,0.8783522248268127
50.3695576171875,1.8461858034133911,1.0096935033798218,0.868675708770752
50.47020336914063,1.8687598705291748,1.0097243785858154,0.8728227615356445
50.57239086914063,1.8754236698150637,1.009712815284729,0.8769698739051819
50.67061206054687,1.868732571601868,1.0097262859344482,0.8863699436187744
50.77118090820313,1.8718315362930296,1.0096973180770874,0.9071053266525269
50.87138403320313,1.871059775352478,1.0096895694732666,0.9015758633613586
50.9725068359375,1.8814151287078855,1.009685754776001,0.871993362903595
51.07296484375,1.852978229522705,1.0096914768218994,0.8924522995948792
51.17404028320313,1.846996545791626,1.0097591876983645,0.8965994119644165
51.27419091796875,1.8758914470672607,1.0097031593322754,0.9364113807678224
51.37525634765625,1.8616262674331665,1.0097166299819946,0.8888581991195679
51.475943359375,1.880050778388977,1.0097147226333618,0.8957699537277222
51.57686669921875,1.8824676275253296,1.0096760988235474,0.9145700931549072
51.67695068359375,1.897535800933838,1.0097185373306274,0.909040629863739
51.77699633789062,1.8721609115600584,1.0096702575683594,0.924523115158081
51.87815356445312,1.8712955713272093,1.0096935033798218,0.9435996413230896
51.979021484375,1.874365329742432,1.0097109079360962,0.920652449131012
52.07936376953125,1.849575161933899,1.0097050666809082,0.9200995564460754
52.180439697265626,1.856929063796997,1.0097147226333618,0.9292231202125548
52.280712890625,1.897130370140076,1.0096973180770874,0.9576997756958008
52.381529296875,1.869646668434143,1.009679913520813,0.9187171459197998
52.4834560546875,1.8384168148040767,1.0096702575683594,0.9032347202301024
52.5822041015625,1.9044607877731323,1.0096431970596311,0.9488526582717896
52.68390063476563,1.8936864137649536,1.0097050666809082,0.9341996312141418
52.7857333984375,1.882081627845764,1.0097147226333618,0.9416643381118774
52.888519287109375,1.8910980224609373,1.0097224712371826,0.9563173651695251
52.986775146484376,1.89201021194458,1.0096780061721802,0.9485761523246764
53.08765625,1.8870381116867063,1.0096895694732666,0.9294995665550232
53.187410400390625,1.892877578735352,1.0097109079360962,0.9640586376190186
53.28893530273437,1.8692626953125,1.0097147226333618,0.9853469729423524
53.389959716796874,1.9048097133636477,1.009706974029541,0.9294995665550232
53.490590576171876,1.893805265426636,1.0096818208694458,0.9538291692733764
53.591540771484375,1.8992685079574585,1.009701132774353,0.920928955078125
53.69156640625,1.8889988660812376,1.009739875793457,0.971246898174286
53.79276171875,1.8832803964614868,1.0096663236618042,0.9466408491134644
53.89280883789063,1.9090313911437988,1.0096914768218994,0.9441525936126708
53.9941044921875,1.8804737329483032,1.009712815284729,0.9563173651695251
54.094736328125,1.8890495300292969,1.0097205638885498,0.957976222038269
54.195731689453126,1.905361294746399,1.0097262859344482,0.9679292440414428
54.2970400390625,1.899405002593994,1.009706974029541,0.9496820569038392
54.39954711914063,1.9012936353683472,1.0096451044082642,0.952999711036682
54.49718359375,1.910009860992432,1.0097185373306274,0.944429099559784
54.599168212890625,1.8853970766067505,1.009706974029541,1.003594160079956
54.699952392578126,1.8976118564605715,1.0096935033798218,1.026817798614502
54.801120361328124,1.910212516784668,1.0096837282180786,0.9894940853118896
54.90165209960937,1.9081621170043943,1.0096895694732666,1.0240530967712402
55.00220263671875,1.892440915107727,1.0096973180770874,1.0118882656097412
55.10329150390625,1.9157088994979856,1.0096644163131714,1.0052529573440552
55.2035400390625,1.9249123334884644,1.0097205638885498,0.9764998555183412
55.30426513671875,1.914976000785828,1.0096702575683594,1.023223638534546
55.40473291015625,1.9096121788024905,1.0097321271896362,0.9872822761535645
55.50564721679687,1.9078834056854248,1.0097321271896362,0.9988940954208374
55.604060302734375,1.8828632831573489,1.0097166299819946,0.9800940155982972
55.70625219726563,1.9121088981628416,1.009745717048645,0.996405839920044
55.80612963867188,1.902632594108581,1.009674072265625,0.9872822761535645
55.90630810546875,1.8776923418045044,1.0096895694732666,1.010229468345642
56.00751611328125,1.924202919006348,1.009712815284729,1.0210118293762207
56.10722802734375,1.9078872203826904,1.009701132774353,1.0055294036865234
56.2089794921875,1.9273604154586792,1.0097109079360962,1.0359413623809814
56.3103623046875,1.9192503690719604,1.0097205638885498,1.0409178733825684
56.4112958984375,1.9120699167251587,1.009679913520813,1.0069117546081543
56.51189990234375,1.9153287410736084,1.0096683502197266,1.0171412229537964
56.61284887695312,1.9052891731262207,1.009674072265625,1.0293060541152954
56.71390795898437,1.899424433708191,1.0097205638885498,1.038429617881775
56.81506884765625,1.9099045991897583,1.0097205638885498,1.018800139427185
56.914376953125,1.898099064826965,1.009701132774353,1.063865065574646
57.0149873046875,1.902082920074463,1.0096625089645386,1.038429617881775
57.1156484375,1.9252437353134155,1.0096973180770874,1.047276735305786
57.21692114257812,1.907023787498474,1.0097302198410034,1.0729886293411257
57.3164560546875,1.9178937673568728,1.0096973180770874,1.064418077468872
57.41698461914063,1.9528443813323972,1.0097224712371826,1.0859827995300293
57.518576171875,1.9099942445755005,1.0096973180770874,1.0533591508865356
57.61945361328125,1.9311143159866333,1.0096935033798218,1.053635597229004
57.72109326171875,1.928200364112854,1.0097534656524658,1.0331766605377195
57.81948706054688,1.9088423252105715,1.0096721649169922,1.0348354578018188
57.92060083007812,1.931240916252136,1.0096973180770874,1.056676745414734
58.020013671875,1.915607571601868,1.0097417831420898,1.056676745414734
58.1217529296875,1.9215638637542725,1.0097262859344482,1.0561238527297974
58.22339428710937,1.917377233505249,1.0096644163131714,1.0732651948928833
58.32319580078125,1.9350844621658323,1.0096935033798218,1.091235876083374
58.42215771484375,1.941077828407288,1.009706974029541,1.0832180976867676
58.523564208984375,1.9130815267562864,1.009706974029541,1.0348354578018188
58.62487377929688,1.9298492670059204,1.0097302198410034,1.1089301109313965
58.72509716796875,1.9598454236984253,1.0097302198410034,1.068841576576233
58.82618115234375,1.9202384948730469,1.0097591876983645,1.082112193107605
58.9262705078125,1.9135980606079104,1.0097166299819946,1.0970417261123655
59.027100830078126,1.9527137279510496,1.009706974029541,1.080453395843506
59.12756689453125,1.9322154521942136,1.0096644163131714,1.094277024269104
59.2290791015625,1.9331861734390257,1.0096721649169922,1.0898535251617432
59.32994970703125,1.9614105224609373,1.0097224712371826,1.080453395843506
59.42995166015625,1.9273954629898071,1.0097031593322754,1.1061652898788452
59.53016845703125,1.918761134147644,1.0097205638885498,1.079624056816101
59.6311591796875,1.9240820407867432,1.0096935033798218,1.1034005880355835
59.73281567382813,1.9222713708877563,1.0097185373306274,1.096212387084961
59.83622412109375,1.9529204368591309,1.0096973180770874,1.082112193107605
59.93463110351563,1.912730693817139,1.0097302198410034,1.1252418756484983
60.03539990234375,1.9328372478485107,1.0096683502197266,1.129665493965149
60.134437255859375,1.9473031759262085,1.0096760988235474,1.0987005233764648
60.2369580078125,1.9173051118850708,1.0096954107284546,1.108653545379639
60.337323974609376,1.9233920574188232,1.0096644163131714,1.1302183866500854
60.43816357421875,1.8989176750183103,1.0096914768218994,1.1053359508514404
60.540278564453125,1.9676260948181152,1.0096760988235474,1.1255184412002563
60.6395341796875,1.9239397048950195,1.009685754776001,1.1542714834213257
60.740794921875,1.9554989337921145,1.0096683502197266,1.1454243659973145
60.84033203125,1.889301061630249,1.0096837282180786,1.15814208984375
60.94201611328125,1.9311259984970093,1.0096973180770874,1.136300802230835
61.042103515625,1.932786583900452,1.009679913520813,1.1238595247268677
61.142849609375,1.893616199493408,1.0096992254257202,1.1639480590820312
61.243355712890626,1.8758466243743896,1.0096973180770874,1.1788774728775024
61.3423896484375,1.880113124847412,1.0096683502197266,1.150953769683838
61.4436923828125,1.898100972175598,1.009658694267273,1.1658833026885986
61.54475,1.899927258491516,1.0096837282180786,1.1564832925796509
61.64499584960937,1.8696329593658447,1.0097109079360962,1.1387890577316284
61.7463955078125,1.905790090560913,1.0097224712371826,1.165330410003662
61.8463310546875,1.8642653226852417,1.009706974029541,1.1307713985443115
61.94846948242188,1.8381731510162356,1.0096780061721802,1.1797069311141968
62.048712646484375,1.8617626428604128,1.0096935033798218,
62.15034399414063,1.7984707355499268,1.009685754776001,1.1940834522247314
62.2501826171875,1.8561415672302248,1.0096914768218994,1.1863422393798828
62.3509541015625,1.8721882104873655,1.0097321271896362,1.1794304847717283
62.451124755859375,1.8560752868652344,1.0097147226333618,1.1874481439590454
62.551381103515624,1.823736429214477,1.009658694267273,1.2137130498886108
62.65218798828125,1.8437923192977903,1.0096354484558103,1.1833010911941528
62.75231640625,1.811564564704895,1.0097321271896362,
62.8546318359375,1.8268238306045528,1.0097224712371826,1.19574236869812
62.9558671875,1.810767412185669,1.009701132774353,1.21233069896698
63.055215576171875,1.792600154876709,1.0096914768218994,1.168371558189392
63.15810473632813,1.7869751453399658,1.0096683502197266,1.2045894861221311
63.25804443359375,1.7506173849105835,1.009658694267273,1.2186895608901978
63.358318359375,1.7205764055252075,1.0096837282180786,1.1827480792999268
63.45915966796875,1.7325690984725952,1.0096780061721802,1.2090129852294922
63.56049365234375,1.6884695291519165,1.0097109079360962,1.148465633392334
63.66145874023437,1.6744499206542969,1.0096935033798218,1.1794304847717283
63.76331396484375,1.6452977657318115,1.0097031593322754,1.2015482187271118
63.863541259765626,1.6344765424728394,1.0096954107284546,1.1614598035812378
63.96494384765625,1.6073046922683716,1.0096837282180786,1.129665493965149
64.06528051757813,1.5740498304367063,1.0096973180770874,1.1692010164260864
64.16609228515625,1.5603927373886108,1.0097360610961914,1.2195188999176023
64.267294921875,1.5330473184585571,1.009734034538269,1.2115012407302856
64.36620458984375,1.548281192779541,1.0096606016159058,1.2289190292358398
64.47195434570312,1.5126347541809082,1.0097147226333618,1.1650539636611938
64.57032177734375,1.5140849351882937,1.0096451044082642,1.1949129104614258
64.671634765625,1.507629632949829,1.0096780061721802,1.164777398109436
64.7700380859375,1.492697834968567,1.009768843650818,1.15814208984375
64.87136010742188,1.4714568853378296,1.0096780061721802,1.20182466506958
64.97197729492187,1.4630837440490725,1.0096721649169922,1.1960188150405884
65.07305517578125,1.4690693616867063,1.0097262859344482,1.19878351688385
65.1743896484375,1.4522664546966553,1.0096935033798218,1.2090129852294922
65.27427270507812,1.414507269859314,1.0096895694732666,1.1805363893508911
65.3741240234375,1.4189140796661377,1.009712815284729,1.1976776123046875
65.47533642578125,1.4079954624176023,1.009701132774353,1.181918740272522
65.577015625,1.3922392129898071,1.0097050666809082,1.1976776123046875
65.6769580078125,1.390352487564087,1.0097185373306274,1.2009953260421753
65.77830737304687,1.3673301935195925,1.0096876621246338,1.1857893466949463
65.87889721679687,1.3703473806381226,1.0096876621246338,1.1996129751205444
65.97982177734374,1.3576921224594116,1.0096973180770874,1.2070777416229248
66.0806064453125,1.3622509241104126,1.009734034538269,1.1913187503814695
66.18070092773438,1.3406474590301514,1.0096992254257202,1.2056952714920044
66.28223022460938,1.341394066810608,1.0097321271896362,1.176389217376709
66.38226708984375,1.3328006267547607,1.009776592254639,1.181918740272522
66.48213793945312,1.3289960622787476,1.0097514390945437,1.1946364641189575
66.583904296875,1.334802269935608,1.0097302198410034,1.1896599531173706
66.68515161132812,1.3318533897399902,1.0097205638885498,1.1871716976165771
66.78769091796875,1.3269163370132446,1.0097360610961914,1.2045894861221311
66.88613940429687,1.329270839691162,1.0096895694732666,1.2009953260421753
66.98532861328125,1.3201433420181274,1.0097088813781738,1.2222836017608645
67.08649975585938,1.3129065036773682,1.009679913520813,1.1877245903015137
67.18903344726563,1.30574369430542,1.0097495317459106,1.1705833673477173
67.28875244140625,1.306427836418152,1.0097360610961914,1.1899363994598389
67.38957153320312,1.3091565370559692,1.0097650289535522,1.202930569648743
67.48978564453125,1.2905527353286743,1.0097417831420898,1.179983377456665
67.59107299804687,1.2922523021697998,1.0097147226333618,1.183577537536621
67.69118920898437,1.2876291275024414,1.0097379684448242,1.186618685722351
67.79247924804687,1.2812947034835815,1.0096837282180786,1.192148208618164
67.89256762695312,1.2846821546554563,1.0097302198410034,1.1891069412231443
67.99277490234375,1.281503200531006,1.0097050666809082,1.190489411354065
68.09343701171875,1.2743149995803833,1.0096876621246338,1.2106717824935913
68.1935791015625,1.271414875984192,1.0097166299819946,1.2015482187271118
68.29394873046876,1.2659087181091309,1.0096818208694458,1.183577537536621
68.39328540039062,1.266049027442932,1.0097572803497314,1.1830246448516846
68.495298828125,1.2590051889419556,1.009739875793457,1.158695101737976
68.595619140625,1.2575278282165527,1.0097050666809082,1.2098424434661863
68.69651416015626,1.260353922843933,1.009745717048645,1.213989496231079
68.79797875976563,1.258461356163025,1.0097031593322754,1.1918717622756958
68.89935717773437,1.2505501508712769,1.0097553730010986,1.2079070806503296
68.99905126953125,1.2488797903060913,1.0096914768218994,1.218966007232666
69.09867016601562,1.249135136604309,1.0096837282180786,1.1910423040390017
69.1995283203125,1.2462719678878784,1.0097031593322754,1.1838539838790894
69.29980249023437,1.2441182136535645,1.009706974029541,1.2419131994247437
69.4054052734375,1.2447965145111084,1.0096895694732666,1.226154327392578
69.50340478515625,1.2434574365615845,1.0096895694732666,1.172518610954285
69.60494091796875,1.2447068691253662,1.0097476243972778,1.2120541334152222
69.70598291015625,1.2407716512680054,1.0097417831420898,1.1940834522247314
69.80608422851563,1.2444339990615845,1.009712815284729,1.1929775476455688
69.90739306640624,1.2396159172058103,1.0096818208694458,1.2120541334152222
70.00886645507812,1.2426836490631104,1.0097379684448242,1.197124719619751
70.11014501953125,1.239586591720581,1.009712815284729,1.2211778163909912
70.20979272460937,1.236452579498291,1.0097109079360962,1.2209012508392334
70.3105205078125,1.2399063110351562,1.0097166299819946,1.20182466506958
70.4113251953125,1.233856439590454,1.009706974029541,1.2217307090759275
70.51239428710937,1.2393099069595337,1.0097205638885498,1.1758363246917725
70.614029296875,1.241787075996399,1.0097514390945437,1.202930569648743
70.71383471679688,1.239631414413452,1.0097534656524658,1.2300249338150024
70.81513061523438,1.2370665073394775,1.0096876621246338,1.222560167312622
70.9154609375,1.2418806552886963,1.009701132774353,1.232513189315796
71.01701611328124,1.2386432886123655,1.0097302198410034,1.2217307090759275
71.11810034179688,1.2362343072891235,1.0097088813781738,1.260989785194397
71.2187353515625,1.2381287813186646,1.0097205638885498,1.2430191040039062
71.3193740234375,1.2411829233169556,1.0097417831420898,1.1863422393798828
71.4209970703125,1.2385770082473757,1.0096818208694458,1.1827480792999268
71.52109692382813,1.2392338514328003,1.0096935033798218,1.1888304948806765
71.62059399414062,1.2325934171676636,1.0097262859344482,1.1998894214630127
71.72315966796874,1.233195662498474,1.0097166299819946,1.2115012407302856
71.82230541992188,1.2307262420654297,1.0097109079360962,1.2192424535751345
71.92346411132813,1.2286173105239868,1.0097534656524658,1.2280895709991455
72.02342114257813,1.2280676364898682,1.0097166299819946,1.21841299533844
72.124767578125,1.2285218238830566,1.009712815284729,1.2142659425735474
72.22595288085938,1.224886775016785,1.0097417831420898,1.1857893466949463
72.32625268554688,1.2223256826400757,1.0097147226333618,1.1852363348007202
72.426392578125,1.2229026556015017,1.0097088813781738,1.2101188898086548
72.52735571289062,1.2217059135437012,1.009734034538269,1.1982306241989136
72.62856079101563,1.2183555364608765,1.0097591876983645,1.173901081085205
72.729013671875,1.2176655530929563,1.0097205638885498,1.1998894214630127
72.83004711914063,1.2169716358184814,1.0097205638885498,1.184959888458252
72.93103295898437,1.214876413345337,1.0097262859344482,1.2424660921096802
73.03147119140625,1.2150362730026243,1.009685754776001,1.1993364095687866
73.13208276367187,1.2152018547058103,1.0097321271896362,1.202930569648743
73.23218896484374,1.2121535539627075,1.0096625089645386,1.2090129852294922
73.3329052734375,1.212332844734192,1.009734034538269,1.2148189544677734
73.43322680664062,1.21196448802948,1.0096412897109983,1.1940834522247314
73.53410571289062,1.210070013999939,1.0097109079360962,1.1932541131973269
73.63496069335937,1.2113603353500366,1.0096914768218994,1.217030644416809
73.73555908203124,1.2104052305221558,1.009674072265625,1.2228366136550903
73.83654248046875,1.2090564966201782,1.0097109079360962,1.225601315498352
73.93687768554688,1.2086920738220217,1.0097088813781738,1.1960188150405884
74.03987377929687,1.2074719667434692,1.0096566677093506,1.1993364095687866
74.1390224609375,1.208311915397644,1.0097088813781738,1.200165867805481
74.23843627929688,1.2075382471084597,1.009734034538269,1.1827480792999268
74.33956372070313,1.2079631090164185,1.009701132774353,1.19878351688385
74.43936499023438,1.2068053483963013,1.0097321271896362,1.1744539737701416
74.54075659179688,1.206807255744934,1.0097147226333618,1.1968482732772827
74.64059716796875,1.206257700920105,1.0097302198410034,1.1932541131973269
74.74132861328125,1.2062537670135498,1.0097088813781738,1.1700303554534912
74.84778955078124,1.2068676948547363,1.0097166299819946,1.1993364095687866
74.9434296875,1.2064799070358276,1.0097262859344482,1.1949129104614258
75.04363940429687,1.205230474472046,1.009745717048645,1.1860657930374146
75.14460766601563,1.206226468086243,1.0097109079360962,1.1827480792999268
75.24486645507812,1.205901026725769,1.0097553730010986,1.185512900352478
75.34564306640625,1.2056671380996704,1.009706974029541,1.2034835815429688
75.4464072265625,1.2057080268859863,1.009739875793457,1.2120541334152222
75.5471318359375,1.2050530910491943,1.009745717048645,1.1938070058822632
75.64609887695312,1.2061582803726196,1.0097224712371826,1.2278131246566772
75.74796508789062,1.2061914205551147,1.0096780061721802,1.185512900352478
75.84844091796874,1.205493688583374,1.0097185373306274,1.1797069311141968
75.9500732421875,1.2050687074661257,1.009768843650818,1.2065247297286987
76.0496630859375,1.2042676210403442,1.0097031593322754,1.1985070705413818
76.15044995117188,1.2047899961471558,1.009706974029541,1.2156482934951782
76.25122998046875,1.2046242952346802,1.0097321271896362,1.1943600177764893
76.3716669921875,1.2050687074661257,1.0097514390945437,1.202101230621338
76.45941845703125,1.2042073011398315,1.0097109079360962,1.2084600925445557
76.55846875,1.2049965858459473,1.0097302198410034,1.2015482187271118
76.65843920898438,1.2045658826828003,1.009774684906006,1.193530559539795
76.75935815429688,1.2047003507614136,1.0097088813781738,1.2137130498886108
76.86074536132813,1.2049556970596311,1.0097109079360962,1.1949129104614258
76.96234375,1.2048581838607788,1.0096992254257202,1.2004423141479492
77.0636787109375,1.1923452615737915,1.0097088813781738,1.1907658576965332
77.16089306640625,1.147175669670105,1.0097321271896362,1.1990599632263184
77.26090893554688,1.110527515411377,1.0097205638885498,1.2090129852294922
77.36255883789063,1.0836986303329468,1.0097166299819946,1.173348069190979
77.4625625,1.0635979175567627,1.0096760988235474,1.205418825149536
77.56357958984376,1.0492722988128662,1.0097147226333618,1.1863422393798828
77.664021484375,1.0383166074752808,1.0097166299819946,1.211777687072754
77.76456909179687,1.0319899320602417,1.009706974029541,1.1940834522247314
77.865490234375,1.0316663980484009,1.0097302198410034,1.2012717723846436
77.96579150390625,1.0317424535751345,1.0097185373306274,1.1979540586471558
78.06619140625,1.031664490699768,1.0097185373306274,1.2134366035461426
78.16738623046875,1.031693696975708,1.0097262859344482,1.1960188150405884
78.26702880859375,1.031635284423828,1.0096973180770874,1.2009953260421753
78.36760888671876,1.0317209959030151,1.0097262859344482,1.229195475578308
78.46857177734375,1.0316957235336304,1.0097050666809082,1.1868952512741089
78.56963891601562,1.0317716598510742,1.0097166299819946,1.20182466506958
78.67050634765624,1.0317716598510742,1.009712815284729,1.200718879699707
78.77109790039063,1.0316742658615112,1.0097534656524658,1.1929775476455688
78.87220458984375,1.0317209959030151,1.0097321271896362,1.2079070806503296
78.9932060546875,1.0317366123199463,1.0096935033798218,1.2026541233062744
79.08765234375,1.0317249298095703,1.009739875793457,1.208736538887024
79.18739721679688,1.031744360923767,1.0097166299819946,1.205142378807068
79.288603515625,1.031643033027649,1.0097379684448242,1.1891069412231443
79.38891918945312,1.0316449403762815,1.0097147226333618,1.1993364095687866
79.48930395507813,1.0317190885543823,1.0097243785858154,1.2048659324645996
79.59112451171875,1.031711220741272,1.0096973180770874,1.1910423040390017
79.6904072265625,1.03168785572052,1.0097262859344482,1.1976776123046875
79.79209619140624,1.0317074060440063,1.0097166299819946,1.1990599632263184
79.89412280273437,1.031722903251648,1.0097302198410034,1.1888304948806765
79.9927294921875,1.031648874282837,1.0097166299819946,1.1805363893508911
80.09345971679687,1.0317015647888184,1.0096935033798218,1.196571707725525
80.1944951171875,1.0317736864089966,1.0097283124923706,1.1913187503814695
80.29503369140625,1.0317268371582031,1.0097205638885498,1.2092894315719604
80.39651293945313,1.0317658185958862,1.009706974029541,1.1968482732772827
80.49697509765625,1.0317249298095703,1.0097283124923706,1.1949129104614258
80.59856274414062,1.031728744506836,1.0096818208694458,1.1979540586471558
80.69951611328125,1.0317190885543823,1.0097185373306274,1.192148208618164
80.79951293945312,1.031660556793213,1.0096547603607178,1.1927011013031006
80.90024780273437,1.0317268371582031,1.009674072265625,1.2222836017608645
81.00226879882813,1.0317755937576294,1.0097360610961914,1.1940834522247314
81.1022265625,1.03171706199646,1.0097166299819946,1.213989496231079
81.2040625,1.031722903251648,1.0097109079360962,1.1954658031463623
81.30896142578125,1.0317716598510742,1.0097109079360962,1.200718879699707
81.4062451171875,1.0318262577056885,1.0097243785858154,1.222007155418396
81.50576391601562,1.0317970514297483,1.0096992254257202,1.206801176071167
81.60537939453125,1.031728744506836,1.0097166299819946,1.1860657930374146
81.70558764648437,1.0318185091018677,1.0096935033798218,1.2131600379943848
81.8079541015625,1.0317541360855105,1.0096760988235474,1.2156482934951782
81.90770874023437,1.0317151546478271,1.0096837282180786,1.2070777416229248
82.00829370117188,1.0317209959030151,1.0097534656524658,1.2297483682632446
82.10837548828125,1.031711220741272,1.0097088813781738,1.196571707725525
82.20915649414063,1.0316780805587769,1.009685754776001,1.1857893466949463
82.31032348632813,1.0317541360855105,1.0097302198410034,1.2214542627334597
82.40980029296875,1.0316780805587769,1.009734034538269,1.2056952714920044
82.51014624023438,1.031750202178955,1.0096818208694458,1.1962952613830566
82.61132788085938,1.0317599773406982,1.0097185373306274,1.2211778163909912
82.71198803710938,1.0316917896270752,1.0096992254257202,1.1874481439590454
82.81554516601562,1.031699538230896,1.0096935033798218,1.2109483480453491
82.9156455078125,1.031705379486084,1.0097262859344482,1.2233895063400269
83.01553637695312,1.031682014465332,1.0097514390945437,1.2070777416229248
83.11499609375,1.03165864944458,1.0097283124923706,1.1844069957733154
83.21746948242188,1.0317015647888184,1.0097147226333618,1.205142378807068
83.33008959960938,1.0317522287368774,1.0096837282180786,1.205142378807068
83.424181640625,1.031705379486084,1.009745717048645,1.1996129751205444
83.52501416015625,1.0317015647888184,1.0097283124923706,1.210395336151123
83.6245341796875,1.0316897630691528,1.009712815284729,1.1877245903015137
83.7252109375,1.0317249298095703,1.009712815284729,1.1940834522247314
83.82721142578124,1.031711220741272,1.0097302198410034,1.192148208618164
83.9274775390625,1.0317249298095703,1.0097224712371826,1.1943600177764893
84.03007885742187,1.0316742658615112,1.009745717048645,1.1940834522247314
84.1304130859375,1.0317405462265017,1.0097166299819946,1.2098424434661863
84.23090844726562,1.0316801071166992,1.0096973180770874,1.1990599632263184
84.3534501953125,1.031744360923767,1.0096760988235474,1.1990599632263184
84.45387353515625,1.03165864944458,1.009685754776001,1.1868952512741089
84.54267309570312,1.031625509262085,1.0097591876983645,1.2253248691558838
84.64132397460938,1.0317209959030151,1.0097224712371826,1.1805363893508911
84.74191162109375,1.0316742658615112,1.009706974029541,1.1910423040390017
84.84240161132813,1.0317034721374512,1.009701132774353,1.181365728378296
